Evaporation,Humidity,Pressure,Cloud,Temp,Rainfall
4.4,81,1016,1,25.4,0
6,81,1016.8,1,24.3,0
8,38,1017.2,0,24.3,0
7,55,1017.3,2,21.3,0
7,37,1016.3,1,22.2,0
7.2,62,1015.8,0,22.8,0
5.2,54,1016.7,5,23.3,0
9.2,36,1018.2,1,22.3,0
9.6,26,1019.1,1,20.3,0
9.2,33,1018.3,1,19.5,0
8,21,1015.7,1,22.4,0
7,43,1014.5,0,22.2,0
4.8,75,1015.8,0,22.7,0
4.8,69,1015.8,5,25.3,0
4,64,1014.9,1,26.5,0
7.4,71,1014,0,25.1,0
6.6,41,1013.7,0,24.8,0
7.6,44,1013.4,0,25.5,0
5.4,61,1013.3,2,26.9,0
4.8,83,1013.6,5,25.2,0
5.4,70,1012.2,0,24,0
7.2,30,1012.8,1,24.8,0
7.6,30,1014.4,0,22.9,0
10.8,27,1014.5,0,20.5,0
6.6,24,1015,0,19.5,0
6.8,32,1014.4,0,19.8,0
5.6,60,1014.9,1,21.7,0
5,70,1014.6,0,23.9,0
5.6,68,1015,0,24.9,0
7.6,95,1015.8,6,20.6,0
5.4,66,1016.7,2,22.9,0
5,67,1015.5,7,23.4,0
5.6,78,1015.5,5,23.7,0
6.2,64,1015.6,1,23.1,0
8.6,77,1016.2,6,23.3,0
6.8,84,1015.7,0,23.1,0
6.4,33,1016.3,0,22.7,0
8,32,1016,3,21.2,0
8,36,1016.1,6,22.6,0
6.4,21,1015.2,3,22.4,0
7.8,21,1015.9,4,22.8,0
7.4,22,1016.5,1,22.9,0
8,25,1015.9,3,23.4,0
9.4,26,1014.7,3,23.8,0
8.2,15,1015.6,3,23.6,0
9.8,18,1017.6,1,21.7,0
9.2,13,1018.4,2,21.1,0
10.1,24,1016.8,2,21.5,0
6.8,50,1016.4,1,24.7,0
7.2,70,1016.9,0,25.1,0
6.6,67,1015.8,2,24.7,0
11,17,1015.5,7,22.1,0
8.6,24,1016.1,6,23.1,0
6.8,54,1014.7,3,27.3,0
7.6,65,1013.9,7,27,0
8,63,1014.1,0,27.2,0
6.4,68,1013.8,1,27.6,0
8,70,1012.9,1,26.8,0
7.7,62,1013.4,1,27.4,0
6.6,72,1014.4,3,27,0
6.2,72,1014.4,7,28,0
6.8,69,1014.1,4,27.7,0
6.8,61,1013.3,1,26.8,0
8.2,66,1012.5,1,27.2,0
7.2,73,1011.6,4,27.4,0
4.6,71,1012.1,2,27.4,0
6.2,67,1012.9,3,27.5,0
7,68,1013.4,1,28.1,0
8,63,1013.6,1,27.5,0
6.4,74,1013.8,1,27.1,0
7.6,67,1012.8,2,27.5,0
5.8,72,1014.3,2,27.3,0
7.8,74,1014.8,1,27.7,0
7.6,73,1014.4,7,27.4,0
4,77,1013.5,6,27.3,0
6.4,68,1014,1,29,0
7.8,66,1014.1,2,28.3,0
8,59,1013.7,1,28.7,0
7,64,1013,2,28.9,0
7.8,67,1013.5,5,27.9,0
7.2,64,1014.3,4,29.1,0
7,77,1014.9,6,25.9,5.2
12.2,61,1014.3,5,28.8,0
11,54,1015.5,3,28.8,0
8.2,62,1015.2,5,28.7,0
6.6,61,1014.8,3,28.8,0
6.8,57,1013.8,1,28.7,0
7,61,1012.9,1,28.7,0
7.6,68,1013.8,7,28.6,0
8,67,1014.6,4,28.5,0
7.6,68,1014.8,4,29.1,0
7.2,77,1013.8,6,28.3,0
7.2,68,1014.3,6,29,0
7,61,1013.6,2,30.3,0
7.6,61,1013.3,3,30.5,0
10.2,69,1013.7,1,28.6,18.8
5.6,66,1013.4,3,29.5,0
5,80,1014.1,3,28.5,0
9.2,73,1014.4,7,29.4,0
6.8,72,1012.6,2,29.8,0
7,64,1012.5,1,30.2,1
7.6,62,1012.5,4,30.5,0
12.4,83,1013,7,26.9,57.6
9.8,74,1011.1,5,28.5,13.8
5.6,85,1010.2,6,27.6,0.4
4.4,67,1011.6,4,27.6,25.4
7,62,1012.7,1,28.9,0
10.4,64,1012.7,1,29.6,0
7.6,67,1011.3,6,30.6,0
7.6,65,1011.6,2,29.9,0
7.8,67,1011.7,7,28.2,0
7.2,72,1011.8,7,28.9,0.6
4.4,71,1011.3,7,28.6,0.4
4.2,72,1009.1,6,29.9,0
7,59,1009.7,2,30.7,0
7.4,64,1009.8,4,30.8,0
8.2,59,1009.9,1,30.9,0
7.4,73,1009.7,4,28,0
7.2,62,1008.5,5,30.6,0
6.6,70,1009.6,4,30.8,9.2
1.8,79,1007.7,7,30.2,5.6
4.4,66,1007.3,6,32.1,0
9.2,71,1006.9,7,31.7,0
8.2,71,1007.9,7,32.1,0
5.4,72,1008.3,7,31.6,0
6.4,71,1009,6,30.9,0
6.8,70,1010.1,7,30.3,0
7.6,67,1011.2,7,31.1,1.8
6.6,90,1010.7,7,26.5,24.6
3.6,70,1010.5,7,30.6,0
5.8,71,1009.2,7,30.7,1.8
4.2,74,1008,7,31.1,2.6
6.2,84,1010.3,7,27.8,0
5.4,77,1011.9,6,29.7,12.6
6.6,72,1010.3,6,30.5,0
5.2,70,1009.9,7,30.2,7.2
4,71,1010.1,7,30.5,0
7.6,70,1009.3,6,28.9,0
6.6,78,1008.6,4,29.9,27.2
8,74,1006.9,7,30.7,6.8
4.6,72,1007.4,7,29.9,0.6
6,73,1008.1,7,30.9,2.8
4,79,1007.2,7,27.6,14.8
10.4,97,1008.6,8,23.9,44.8
5.6,96,1009.3,8,23.8,28
2.8,94,1007.3,8,25.8,10.4
7.8,94,1006.2,8,24.7,36.6
5,90,1006.5,8,26.4,50
3,82,1007.1,7,27.7,13.4
3.6,72,1007.4,2,29.9,0
8,75,1007.6,6,29.4,3.6
4.8,80,1008,7,28.9,0.4
4.4,72,1007.6,7,30.3,0
4.8,78,1007.1,5,29.4,3
5.6,68,1006.7,4,30.6,12.4
4,73,1005.5,7,30.1,0
3.8,84,1005.9,7,26.7,22.2
6.4,96,1004.1,7,24.5,14.6
4.2,74,1004.1,7,29,2.4
5.2,70,1004.9,7,30.2,0
6,75,1005.8,7,29.8,2
5.6,75,1007,6,29.4,15
6.6,80,1007,6,29.3,24.2
3,79,1006.9,7,29.3,6
7.2,74,1008.2,4,30.2,0
7.2,78,1006,7,30.5,0
7.4,73,1004.5,7,30.2,0
4.6,86,1004.7,7,26.3,10.4
3,74,1005.3,6,30.1,9.8
6.6,73,1008.7,4,30.4,0
6.8,76,1009,5,30.1,0
6.4,76,1008.3,7,29.9,7.4
3.2,82,1007.5,7,27.8,7
8.2,82,1008.2,5,28.2,53
6.2,79,1008.9,7,29.1,0
3,79,1009,7,28.5,0.4
5.6,84,1009.1,7,27.8,0
3.8,81,1009.5,7,29.2,1.6
7.4,83,1010.4,7,28.7,14.4
6.6,83,1009.5,7,29,8.8
7.8,89,1009.1,8,25.5,81
4,77,1009.9,5,29.8,0
7.4,81,1009.7,7,29.1,4.4
4.6,92,1009.4,7,25.9,53.4
4.8,89,1008.1,7,27.2,0.4
5.2,72,1006.5,7,29.5,2.2
5.4,85,1005.6,7,28.2,17
9.4,93,1004.8,8,26.1,41.4
9.2,83,1003.9,8,28.4,48.8
4.2,93,1006,8,23.3,2.4
6.2,74,1004.3,6,28.9,3.4
9,79,1004.1,6,28.7,0.4
8.2,71,1004.2,7,29.2,8.6
7,75,1004.1,7,29.4,0.6
5.6,79,1003.7,7,28,2
16.8,96,1005.4,8,24.6,95.8
4,81,1005.8,7,28.3,9.8
4.2,98,1006.2,8,25.5,48.8
4,92,1005.8,8,27.1,8.4
2.4,92,1007.2,8,27.6,1
3.6,94,1008.8,8,26.3,9.8
2.2,87,1008.8,4,27.6,12.6
2.4,83,1008.7,6,27.9,18.4
8.2,96,1008.2,8,24.9,24.2
7.8,95,1008.3,8,25.1,90.4
4.6,89,1007.6,8,25.7,53.2
6.4,77,1007.5,3,28.6,0
5,75,1009.1,1,29.2,0.2
7,79,1008.3,7,28.9,0
6.2,84,1006.5,7,28.9,8
2,84,1006.5,8,27.3,4.8
3.4,85,1005.4,7,26.3,3.2
4.2,91,1004.8,6,26.1,15.2
2.8,83,1006.9,6,28.4,1.6
5,89,1008.2,7,26.5,35.8
1.6,82,1008.7,7,28.1,0.4
4,92,1009,5,26.4,7
5.6,85,1009,4,28.3,0
3,88,1009.7,7,29.1,19
2.8,89,1011.1,7,26.5,0.6
3.2,79,1010.7,3,29.5,0
7.6,72,1009.7,7,29.2,2.6
6.4,71,1009,3,28.9,0
6.2,80,1007.9,3,29.4,0
7,73,1009.4,2,29.5,0
6.6,74,1009.7,2,29.7,0
7.2,76,1009.4,1,29.7,0
5,80,1010,4,29.9,5.4
6.4,72,1009.6,1,28.5,1.2
5.4,89,1009,7,25.4,13.4
6.2,92,1008.8,7,25.2,19.8
2,84,1009.2,7,25.9,16.2
3.8,88,1009.4,6,26,12.8
5.8,78,1010,7,27.8,8.6
6,75,1009.7,5,27.3,0
8.4,63,1009.6,6,29.7,0
6.2,76,1010.3,2,28.8,0
8,77,1010,1,29.3,0
7.6,75,1011,7,29.5,0
4.2,81,1011,7,29.1,0.6
5.6,74,1012.3,7,28.9,1
7,80,1012.6,7,27.1,7.4
4.2,76,1011.8,7,27.3,0
6.8,73,1011.3,2,28.5,0
6.6,71,1010.1,4,27.4,0
8.4,71,1010.1,6,27.9,0
7.2,75,1011,7,28.5,0
7.4,78,1010.8,3,28.1,0
6.2,68,1011.9,1,29.1,0
6.4,66,1012.4,1,29.1,0
5.8,68,1012.8,1,29.5,0
6.2,69,1010.8,1,29.9,0
6,79,1009.9,6,29.7,3.8
7,76,1011.1,7,28.1,17.8
7,75,1011.2,7,28.5,22.6
6,94,1010.6,7,24.6,7.2
3.4,74,1009.9,1,28,0.2
5,68,1011,1,28.7,0
5.6,76,1010.5,2,30,0
6,72,1008.9,1,28.8,0
6,68,1009.1,2,30,0
6.2,80,1009.6,7,30.2,6.2
4.8,90,1009.8,8,26.5,2.8
2.4,91,1009.1,7,27.8,2.6
3.4,80,1010.1,7,29,0
6.2,85,1010,7,27.5,0.4
4.4,74,1009.4,6,27.7,0
6.2,69,1010,5,29,0
6,59,1011.5,5,28.3,0
4,74,1011.3,7,29.3,0
7.6,70,1011,6,29.6,0
5.4,76,1011.9,6,29.2,0
5.8,72,1012.1,3,29.3,0
6.2,61,1013.2,7,29.7,0
4.6,53,1014.6,5,27.9,0
8.6,46,1013.8,1,26,0
7.4,34,1012.4,1,25.4,0
6.4,61,1012.4,6,26.8,0
8.8,57,1012.3,7,27.2,0
7.8,52,1013.1,5,27.5,0
7.4,44,1013.1,1,26.4,0
8,59,1012.4,5,28.4,0
7.2,57,1013.7,7,26.6,0
7.6,42,1012.9,7,25.7,0
8.4,55,1012.4,7,24.3,0
4.4,57,1012.2,3,26.3,0
6.8,65,1011,1,27.1,0
6,55,1011.7,6,26.8,0
8,27,1011.3,3,24.4,0
8,32,1010.7,3,22.4,0
8,39,1010.3,1,23.2,0
10.2,47,1011.9,3,25.2,0
6.2,49,1012.2,2,26.2,0
8,50,1011.8,1,26.2,0
5.8,73,1010.8,4,27.3,0
5.6,83,1011.2,7,26.7,0
3.2,73,1011.6,4,27.7,0.4
5,69,1013,3,27.6,0
5.8,70,1013.4,2,24.8,0
6.8,70,1011.9,1,25.2,0
5,61,1012,1,25,0
5.2,72,1012.6,7,25.3,0
4.4,62,1013,1,25.2,0
5.6,62,1013.1,1,25.5,0
6.6,73,1012.5,4,25.5,0
7.4,69,1013.3,7,26,0
4,73,1014,2,27.1,0
7.2,75,1014.8,1,27.2,0
4.6,73,1014.9,6,26.9,0
5.6,64,1015.4,7,26.5,0
7.8,55,1014.5,7,26.9,0
7,47,1013.2,4,25.7,0
5,62,1014,1,26.8,0
5.2,75,1013.5,1,26,0
6.6,67,1014.7,1,27.8,0
5,76,1016.4,7,25.7,0
7.2,33,1017.7,3,22.7,0
8.2,31,1016.3,7,19.9,0
7.4,41,1016.2,2,20.1,0
5,54,1014.8,1,23.2,0
4.6,52,1013.9,1,24.1,0
6,83,1013.6,1,24.6,0
4,73,1015.2,3,24.1,0
7,38,1017,5,22.4,0
7.6,32,1017,1,21.4,0
7.2,31,1015.3,1,19.1,0
6.8,42,1014.7,3,20.5,0
5.8,45,1013.8,5,22,0
5.4,50,1013.2,7,23.2,0
4,72,1013.2,7,25.3,0
5.4,74,1013.6,1,26.4,0
6,75,1013.5,0,25.6,0
6.2,67,1013.2,6,25.6,0
4,96,1012.7,1,23.9,0
5,85,1012.8,6,26.3,0
5.2,88,1012.1,2,25.6,0
4.8,78,1014.7,7,26.8,0
4.4,80,1014.4,4,25.5,0
5,78,1014.3,3,26.7,0
5.6,77,1014.6,1,25.6,0
6.2,43,1016.7,1,23.5,0
7.2,39,1014.9,0,22.8,0
7,39,1014.4,0,22.5,0
6,32,1014.1,1,22.3,0
6.8,35,1014.9,6,21.8,0
7.2,32,1014.3,3,20.9,0
6.4,34,1013.9,1,21.8,0
5.8,51,1012.6,1,21,0
5.6,63,1012.7,7,24.4,0
4,83,1012.9,7,24.3,0
4,70,1014.1,3,24.4,0
5.8,50,1015.9,3,23,0
7.2,32,1016.2,1,21.2,0
10.4,32,1015.7,1,19.7,0
6.2,63,1015.7,5,20.7,0
5.4,44,1014.7,2,24,0
6,77,1016,3,25.3,0
4.8,74,1016,3,26,0
6,77,1014.7,2,26,0
4.2,77,1014.4,2,25.3,0
5.6,72,1015.2,1,25.8,0
7.6,75,1015.7,3,24.9,0
7,69,1015.4,2,26.2,0
6.4,64,1015.4,6,25.7,0
5,39,1016.2,5,23.5,0
7.8,30,1017.6,3,21,0
9.4,34,1017.4,3,21.4,0
7.8,36,1015.8,1,21.5,0
8.6,27,1015.6,1,21.3,0
7.6,40,1016,1,23.2,0
5.8,41,1016,5,22.5,0
6.2,54,1014.9,1,24.1,0
5.8,71,1014.5,1,25.3,0
6.8,52,1014.8,1,26,0
6.2,62,1014.4,3,25.3,0
5.6,64,1013,0,24.7,0
5.8,61,1014.6,0,25.9,0
7.4,67,1015.4,1,25.4,0
6.6,65,1015.4,1,25.9,0
4,69,1015.3,1,24.7,0
5.6,76,1016,2,25.2,0
4.8,74,1015.4,1,26.4,0
6.4,73,1015.4,2,25.8,0
6.8,70,1016.1,1,25.9,0
6.8,72,1016.5,0,25.6,0
9,66,1017.4,0,26,0
8.4,77,1016.1,2,24.9,0
7.6,67,1014.3,0,26.1,0
6.8,65,1014.7,3,26.6,0
6.4,64,1014.4,4,26.7,0
6.4,74,1014.3,6,26.2,0
6.4,69,1013.6,6,26.5,0
6,69,1013.8,1,26.7,0
6.2,66,1014.1,2,27,0
7.2,66,1013.5,2,27.8,0
7,65,1014.5,3,28.2,0
7,70,1013.9,3,27.5,0
6.8,62,1014.3,1,28.8,0
7,67,1013.9,5,28.7,0
7.6,67,1013.9,3,27.6,0
6.4,64,1014.2,1,27.9,0
7.8,67,1013.1,1,28.1,0
8,69,1013.9,3,27.7,0
6.2,67,1014,3,28.2,0
7.6,68,1012.9,2,28.8,0
6.8,82,1013.2,1,28,10.2
6.2,77,1013.3,3,28.1,0
7.4,68,1014.7,5,28.1,9.2
6.8,75,1014.7,7,26.9,0
7,62,1015.6,1,28.3,0
8.8,70,1016.6,1,28.1,0
6,67,1015,1,28.6,0
7,68,1013.3,1,28.6,0
7,70,1014.2,2,27.8,0
7.8,64,1014.4,2,28.5,0
7.8,64,1014.9,1,28.2,0
7.6,60,1014.6,3,28.2,0
7,61,1014.3,2,29,0
7.8,65,1012.9,4,29,0
7.8,68,1012.3,7,29.3,0
7.8,66,1011.7,5,29.4,0
7.8,70,1013.1,5,28,0
8,64,1012.6,1,29,0
8,59,1011.6,1,29.7,0
9.2,66,1012,5,28.7,15
6.8,64,1011.7,1,28.3,0
7,63,1010.9,1,29.1,0
7.6,50,1011.5,0,28.9,0
10,70,1013.2,5,28.6,0
7.4,76,1013.3,6,28.6,13
5.2,73,1012.7,4,29.7,0
7,65,1013.3,4,29.7,0
8.6,71,1014.1,6,28.6,18.2
6.2,74,1013,2,28.9,0
7,61,1012.9,2,29,0
7.6,64,1012.6,1,28.7,0
8,63,1014.1,4,29.6,0
8,52,1015.2,5,29.4,0
9,64,1015.9,1,29.4,0
7,64,1015.1,2,29.2,0
7.2,70,1013.6,7,28.1,0
7.4,76,1013.4,5,28.8,0.8
7.4,69,1013.1,3,29.6,0.4
8.4,66,1013.4,4,29.8,0
8,57,1014.1,2,30.5,0
9.8,22,1014.4,1,29.8,0
10.8,34,1014.4,1,28.7,0
8,66,1014.4,5,29.5,0
9.4,60,1014.8,5,29.6,0
9.2,58,1014.6,1,29.4,0
9.2,58,1014.1,1,29.5,0
9,63,1013.3,1,29.2,0
8.6,61,1014.2,4,28.5,0
8.4,58,1011.6,1,29.9,0
9.6,62,1012.3,2,30.2,0
8.4,70,1013,7,27.8,0.8
8.4,69,1012.5,5,29.6,0
9.2,63,1012.1,3,29.3,0
4.8,63,1012.5,1,30.2,0.2
8.4,64,1013.3,6,30.2,0
9.4,56,1014.1,2,30.3,0
8.8,70,1013.3,4,29.1,14.8
5.4,81,1013.7,5,27.3,7.4
5.2,68,1011.1,4,29.4,0
7,63,1010.8,2,29.8,0
7.2,62,1011.1,4,29.9,0
7,62,1011.6,2,30.5,0
8.6,74,1010.1,2,29,21.8
8,82,1008.7,7,27.1,7.2
6,79,1010.4,1,28.8,21
7.4,76,1011.8,2,29.2,23.4
3.4,80,1011.8,6,28.6,8.6
6,66,1010,4,30,0
6,70,1008.5,3,30.3,7.2
7.2,55,1009.1,2,30.8,0
7,69,1009.5,2,30.6,9
5.6,69,1009.2,2,30.9,0.4
8,67,1010,7,30.6,0
6.8,69,1009.6,7,29.7,0
8.4,61,1009.3,6,30.7,0
7.4,68,1010.6,5,29.6,0.6
7.4,84,1011.2,7,24.5,0.2
6.4,57,1010.5,6,29.4,0
6.8,71,1011.2,4,29,0.2
5.8,77,1012,7,28.4,8.6
5,76,1011.2,6,29.8,0
4.8,71,1009.4,7,30.7,0.6
5.8,70,1009.6,7,28.6,0
5.8,67,1010.6,5,30.4,0
9.4,96,1012.3,8,24,17
3.2,72,1011,5,30.1,0.8
8.4,70,1010.6,5,31,0
5.4,63,1011.3,2,30.8,1
7.6,61,1010.8,5,32,0.4
6.6,73,1009.9,4,30.9,0
7.8,71,1009.5,5,31.1,0
9,66,1008.3,5,31.6,0.8
7.4,88,1008,7,27.1,22
2.8,95,1009.4,8,24.9,31.8
4.4,87,1009.3,7,28.1,13
4.2,84,1010.9,7,27.5,4.2
5.2,85,1011.4,7,27.2,1.6
4.8,77,1011.3,7,29.2,1.4
3.2,83,1011.8,7,28.3,0.4
5.2,72,1011.9,6,29.4,21.8
4.4,79,1011.7,7,28,0.6
7.4,87,1011.7,7,26.9,2.2
5.6,76,1011.2,7,29.6,10.2
8,69,1007.3,7,30.4,0
6.2,82,1007.6,7,29.3,1.4
5.2,76,1007.1,7,30.3,0
4.2,73,1006.9,6,30,12.6
3.2,78,1007.7,6,29.8,5
6,80,1006.2,7,29.4,5.6
4.6,77,1005.7,7,29.3,0.4
10.2,76,1006.1,7,27.3,62.2
7.4,95,1005.1,8,25.4,45
8.4,95,1003,8,25.8,51.8
5.8,79,1005.9,7,28.6,38.8
6.4,83,1006.3,7,28.9,19.4
6.4,74,1006.7,7,31,23.8
4.6,83,1007.1,7,29,2.4
5.4,86,1007.7,7,27.8,22.6
5.2,83,1006.3,7,27.7,5.4
1.4,90,1005.4,7,26.8,11.6
10.2,94,1007.8,8,24.1,91.4
0.4,79,1009.6,6,27.1,25.6
5.8,78,1008.5,6,29.3,1.4
3,76,1008,6,29,22
5.8,80,1007.6,7,29.7,17.6
6.4,77,1008.9,7,28.5,20.8
5.2,74,1010.1,7,29,0
9.2,76,1010.9,7,29.6,0
7,80,1010.4,7,29,22.2
5.2,81,1010.5,7,28.3,16
5.2,79,1010.3,7,29.1,14.4
7.4,72,1008.6,7,29.4,0
6.2,74,1007.9,7,30.1,0
6.2,76,1007.2,7,29.7,0
5.4,72,1006.5,8,28.9,0
12.4,99,1007.1,8,24.3,27.6
2.6,79,1006.1,7,28.7,15.2
6.8,93,1005.8,8,23.1,13.2
3.6,74,1008,7,28.7,2.6
8,85,1007.9,7,28.8,5.2
4.2,76,1007,7,29.9,6.4
8.2,80,1007.7,5,29.6,9
7.8,74,1010.8,4,30,0
9.2,72,1011.8,4,30,0
9,79,1011.6,4,30.1,38
4.6,81,1011.8,6,29.9,0
6.4,76,1011.3,4,29.9,0
5.8,71,1011.1,3,30.2,1
7.4,69,1011.5,4,30.8,0
8,72,1011.3,5,29.9,0
8.4,64,1010.4,4,30.4,0
8.4,70,1008.5,7,30.7,0
4.4,82,1009.1,7,29.3,10
7.6,77,1009.1,7,30.1,0
6.4,80,1009.9,7,29.7,0
6.8,78,1010.2,7,29.9,0
5.6,75,1010.3,7,30.8,5
6.2,75,1010.4,2,30.1,3.4
7.6,77,1009,6,30.4,0
3.2,78,1008.6,7,30.6,1.4
10.2,93,1010.4,8,25.9,46.2
3.6,86,1007.5,7,28.8,1.4
5.6,84,1006.5,7,28.9,1.2
6.4,87,1007,8,28.1,28.8
4.6,83,1008.9,8,28.4,25
4.6,94,1008.5,7,26.5,14.4
2.8,80,1009.8,7,28.5,3.8
5.2,77,1010,7,29.5,0
6.6,81,1012.2,4,29.6,0
6.2,76,1010.9,6,30.2,0.2
8,78,1011.5,7,30.2,0
7.2,70,1012.7,7,28.2,0
5.8,70,1013.6,1,28.6,5.8
6.2,70,1014.3,4,29.4,0
6.6,66,1014.9,2,29.3,0
6.8,76,1013,2,28.6,0
6.6,90,1011.4,7,26.3,7.6
4.8,75,1011.5,1,27.8,0.4
6.8,81,1011.5,6,28.2,0
5.6,74,1012.2,7,28.9,0
4.4,68,1012.2,6,29.6,3.8
7,71,1010.6,7,30,0
6.2,84,1010.8,7,26.7,9
4,73,1010,7,29.9,0
5,70,1009.4,7,29,2.2
5.8,75,1008.4,7,30.1,0
5.6,78,1008.9,6,29.2,19.2
3.8,79,1008.9,6,27.7,10.8
6.6,76,1009.1,6,29.1,12.4
6.8,69,1008.4,6,28.7,0
8.6,78,1007.9,7,28.7,23.6
5.2,81,1007.9,7,30,0
8.2,88,1008,7,28,19
7.8,71,1007.4,7,28.6,41.2
6.4,59,1008.7,5,28.4,0
6.4,75,1008.2,6,29.9,0
2,77,1008.8,6,29.9,2.8
5.4,73,1009,7,30.6,1.8
7,79,1008,4,30.4,0
2.6,83,1010.1,7,27.5,0.8
5.6,94,1011.8,6,26.4,23.4
2,80,1011.1,5,29.3,11.6
6.8,82,1009.9,7,27.6,0.2
3.4,80,1010.1,4,29,1.8
1.8,94,1010.7,7,24.6,3.2
5.8,82,1012,7,29,1.8
4.8,78,1011,6,27.9,0.2
5,94,1011.8,7,24.9,4.4
3,78,1010.7,3,28.5,0
6,84,1010.8,7,27.4,0
4,83,1011.2,7,26.2,3.6
4.4,84,1009.9,7,26.7,2
5,74,1009.8,7,28.2,0
5.4,81,1010.4,7,27.3,0
4.8,80,1012.5,4,28.8,0
6,77,1013,1,29.9,0
4.8,76,1012.3,1,28.9,0
5.2,72,1012.2,1,29.5,0.2
4.8,74,1013.6,2,27.7,6.4
5.4,78,1014.5,1,26.9,0
6.2,85,1014.8,7,26.2,0
1.4,77,1014.4,7,26.3,4
8.2,63,1014.8,7,27.3,0.2
6.6,58,1014.4,7,27.9,0
6,65,1013.1,3,28.3,0
7.2,66,1011.9,4,27.9,0
8,60,1011.9,7,28.4,0
6.6,68,1011,2,28,0
7.8,59,1011.7,6,28.2,0
9.6,57,1011.8,6,26.1,0
7.6,66,1010.6,7,23.6,0
6.4,57,1009.8,3,25.7,0
5.8,67,1009.5,7,26.5,0
5.4,65,1010.3,5,27.1,0
6.8,58,1011,7,26.9,0
4.2,48,1011.1,6,27.3,0
7.6,65,1009.8,3,28.2,0
4.4,77,1008.8,3,27.9,0
7.2,76,1009.5,7,29,0
4.4,93,1011.3,7,26.3,1.4
3.2,83,1011.8,7,27,0
3,78,1012.1,6,26.9,5.8
5.6,88,1011.7,7,27.1,1.6
2.8,88,1012.9,7,25.9,2.4
1.6,78,1011.8,5,28.3,5.2
5.6,82,1012.1,4,27.9,3.6
3.2,85,1012.6,7,27.7,0.2
5.6,85,1012.8,4,27.4,0
4.8,74,1012.3,1,28.6,0
4,94,1013.1,6,25.1,21
4.2,77,1013.5,7,28.5,0.6
5.8,81,1013.8,6,26.9,24.4
2.8,76,1014.1,3,27.3,0
6.4,55,1014.4,3,24.1,0
6.6,52,1014,5,23.2,0
5.2,45,1014.2,1,24.6,0
7.6,50,1016.2,1,22.6,0
8.6,50,1016.4,7,18.7,0
5.8,50,1014.7,3,20.3,0
5.4,53,1015.4,5,21.9,0
6,59,1016.2,5,22.5,0
6,60,1015.2,3,23,0
4.4,64,1014.3,1,23.5,0
6.6,52,1014.3,3,23.8,0
9.2,44,1015.9,1,23.2,0
5.8,48,1015.3,7,22.2,0
6.6,48,1015.3,6,22,0
6.8,41,1015.5,4,22.4,0
5,42,1014.7,1,23.6,0
6.4,49,1014.9,2,24,0
5.4,66,1015.1,1,24.1,0
7,57,1015.5,1,25.7,0
6.2,47,1015.6,0,24.3,0
7.8,45,1016.5,1,23.6,0
8.8,58,1017,1,22.5,0
7.6,52,1016.2,7,24.3,0
7.4,62,1015.5,6,23.6,0
5,55,1013.3,4,25.9,0
7.6,64,1012.5,2,26.4,0
6.4,67,1014.1,1,25.5,0
7.4,45,1013,1,25,0
8,48,1012.1,6,24.4,0
6,48,1013.1,6,26.3,0
7,59,1014.6,4,25.4,0
6.4,50,1014.3,2,26,0
7.8,26,1015.5,5,23,0
10.2,37,1015.6,2,22.3,0
7,49,1014.1,1,24.4,0
7,69,1012.4,7,26.4,0
2.6,83,1012.7,7,24.8,0.2
8.2,50,1014.9,5,23.6,0
5.4,58,1013.8,7,24.9,0
7,63,1014.8,2,25.2,0
5.2,72,1015.2,2,25.1,0
7.2,71,1015.6,1,25.6,0
5.8,68,1014.4,2,25.7,0
7,77,1014.1,1,25.4,0
5.2,69,1013.9,1,25.2,0
8,55,1013.9,5,24.4,0
10.6,58,1014.2,2,24.8,0
7.8,53,1015,1,25.1,0
7.2,53,1014.8,0,24.8,0
6.4,68,1014.2,1,24.5,0
6,55,1014.4,6,25,0
9,42,1014.3,7,22.6,0
7.8,31,1014.5,3,22.3,0
8.2,39,1013.4,2,25,0
7.4,53,1013.6,7,27.7,0
9.4,52,1012.9,6,27.3,0
10.4,53,1014.5,7,27.1,0
9.8,63,1015,5,26.5,0
7.2,63,1014.2,3,27.5,0
7.6,70,1013.9,4,26.1,0
7,75,1014,5,26.4,0
5.8,66,1014.9,3,28.1,0
5.2,59,1015,5,27.7,0
10.2,42,1017.1,6,25.2,0
9.8,29,1015.2,6,24.6,0
9.4,24,1014.1,7,23.5,0
7.8,29,1014.9,4,22.1,0
7.8,31,1015.6,3,23.6,0
7.8,31,1015.5,2,22.8,0
7.2,38,1013,5,23.9,0
5.8,64,1012.2,7,23.9,0
7,40,1013.9,1,24.8,0
8.2,26,1015.9,1,25.1,0
8.4,27,1016.8,0,24.1,0
9.6,30,1014.7,6,21.7,0
5.8,70,1014,1,24.3,0
5.8,74,1014.3,1,25.9,0
4.8,73,1013.9,2,26.3,0
8.4,73,1012.2,1,25.5,0
6.4,83,1013.4,7,24.8,0
5,67,1013.3,1,27.8,0
4.8,70,1012.3,1,28.4,0
4.8,72,1011.8,1,28.1,0
8,74,1012.6,3,27.4,0
7,65,1013.7,2,27.3,0
7.8,66,1014,3,26.6,0
6.2,71,1013.6,1,27.1,0
6.4,79,1012.6,4,27.5,0
8.6,75,1013,4,27.7,0
6,60,1014.7,4,27,0
7,62,1015.8,1,27.9,0
9,33,1014,1,27.1,0
6.8,38,1013.4,1,24.9,0
9,65,1013.6,1,28.5,0
7.6,75,1013.1,5,27.9,0
7.2,69,1011.8,7,28.9,0
6.4,82,1012.3,7,27.9,6.8
2.4,89,1013.9,7,25.9,3.4
4,78,1013.1,5,28,0
8,59,1012.7,7,28.2,0
8,68,1014,6,27.8,0
6.2,68,1013.8,6,29.2,0
8.2,70,1013.4,7,27.3,0
5,73,1012.8,7,28.1,0
8.6,72,1014,3,28.7,0
5,73,1012.7,5,28.1,0
8.2,79,1012.2,7,28,0
6.2,68,1012.9,7,28.3,0
8,70,1012.6,6,28.7,0
10.4,65,1012.4,2,28.8,0
7.6,61,1012,2,29.4,0
5.8,83,1011.2,7,26.2,0
7.8,45,1013.5,7,25.4,11.8
8.8,38,1013.9,1,27.4,0
8.4,58,1012.4,1,29.4,0
7.8,75,1012.1,8,28.4,10.4
7.4,73,1012.9,7,28.2,5
6.8,76,1013.2,7,28.9,0
6.6,65,1012.8,2,29.7,0
7,73,1012.4,2,29.5,0
6,58,1011.8,3,29.3,0
6.8,79,1011.3,7,26.5,0.2
5.6,73,1011.2,4,27.4,2.8
7.8,66,1011.2,5,28.1,7
6.8,55,1011.7,1,29.2,0
7.8,69,1012.3,2,30.3,0
9.2,71,1011.5,3,29.8,0
8.2,65,1011.1,2,30.7,0
9,69,1010.4,4,29.8,0
5.2,72,1010.9,7,27.9,4.2
5.4,71,1011.3,7,27.1,8.2
5.6,66,1010.7,7,27.9,4.8
5.6,71,1010.1,7,27.6,7.6
7.6,77,1011.8,7,26.4,34.6
5.8,87,1012.4,7,26.9,0.8
3.8,83,1012,7,26.6,8
4.6,76,1010.1,6,28.3,0
7.8,77,1009.7,6,29.3,0.6
6.8,76,1010,7,27.2,18.2
5.2,53,1012.2,7,24.2,12
4.8,43,1012.5,6,27.3,0
7.2,49,1012.1,1,29,0
7.8,69,1011.8,2,28.3,0
7.2,71,1011.3,7,28.8,11.8
6,68,1011.5,2,28.7,0.6
7.6,67,1011.4,2,29.6,0
7.6,70,1011,2,30.1,0
8.2,71,1011.9,7,29.7,0.2
6.6,69,1011.1,5,30,0
6.6,63,1011,6,31.2,0
6.4,73,1010.5,7,27.2,2
7.4,66,1010.8,7,30.2,3.4
5.4,69,1010.2,7,30.2,4
8.2,90,1010.9,7,23.2,29.8
4.6,70,1010,7,28.2,0.2
6.4,83,1011.7,7,25.6,14.2
2.2,62,1013.1,7,23.4,2.6
5.4,59,1011.9,1,28.5,0
7,75,1010.4,6,28.8,0
5.6,75,1011.3,2,29.1,0
5.2,77,1011.6,4,29.3,0
7.2,70,1011.8,2,30.2,0
7,65,1013.2,4,31,0
6.8,66,1012.8,4,30,0
5.8,76,1011.6,5,29.5,8.4
9,64,1009.9,4,30.2,0
7.4,65,1010,6,30.4,0.4
8.6,70,1012.2,6,30.2,0
7.8,71,1011.2,3,29.8,15.4
5.6,80,1009.1,7,29.6,3.4
7,83,1009.3,7,29,12.2
7.4,65,1010.1,7,30,56
10,82,1009.6,8,26.3,21.8
4.8,70,1010,6,27,0
6.8,60,1009.2,7,30.8,0
4.6,72,1008.5,7,30.4,0
4.8,64,1009.5,5,30.8,6.6
5.8,68,1009.6,7,30.8,0
5.8,70,1009,4,31.3,0
5.8,66,1008.6,7,28.5,1.8
5.4,67,1008.5,5,30.9,0
6.2,78,1008.5,7,28.5,7.6
4.2,78,1007.7,7,30.4,0
8.4,76,1006.6,5,28.9,57.6
4.8,82,1006.5,7,27,0
5.6,61,1007.1,6,29,16.4
5.2,70,1007.8,7,30.1,0.4
7,66,1006.7,4,30.9,0
7.4,73,1006.3,4,30.9,0
5.6,69,1006.2,1,30.6,11.8
5,71,1006.8,7,29.1,10.6
4.4,71,1008.1,6,31.1,2.4
4,68,1008,5,30.5,5.4
7.6,79,1007.7,7,28.3,21.4
8.6,92,1008,7,26.4,40.6
0.4,85,1009.3,7,26.4,18.2
4.8,77,1008,7,28.9,3
4.6,82,1007.3,7,28.3,39.6
6.4,73,1005.5,7,29.3,6.6
6.4,96,1005.8,8,25.9,5.2
4,73,1007.5,6,30.1,0.2
3.4,91,1008.9,8,25,7.2
3.2,85,1008.2,7,27.7,11.2
5.6,80,1005.3,7,27.3,2.8
4.2,84,1003.2,7,26.1,0
3.6,80,1004.8,6,28,6.2
4.6,85,1004.8,7,27.5,18.4
2.4,81,1003.1,7,28.5,2.8
5,88,1003,7,26.8,37
5.6,90,1003.1,7,25.8,55.2
2.4,82,1005.9,7,27.5,16.4
4.8,79,1006.5,7,27,18
5.2,77,1007.3,7,29.2,0
3.8,75,1007.6,7,29.1,0
5.6,85,1008.6,7,25.9,29.4
5.2,80,1006.7,6,28.8,0
5.2,75,1007.3,6,29.4,39.2
5.6,73,1006.8,7,30.2,0.2
6.6,90,1007.3,7,26.3,1.6
2.2,91,1005.6,8,25.4,25.4
5.8,94,1004.2,8,25.7,40.2
3.4,74,1004.9,7,29.7,5.2
6.4,84,1002.7,8,27.3,13.8
10.4,98,1001.6,7,24.1,78.4
7.6,84,1000.7,8,26.9,44.6
7,85,1004.4,7,27.7,13.4
5,74,1005.5,7,28.8,3.8
4.6,88,1004.7,7,27.3,24.8
7.4,98,1005,8,23.4,64.8
1.6,73,1006.2,6,29.7,3.4
5.6,92,1006.5,8,26,25.8
3,87,1005.9,8,25.7,14.4
3.2,84,1006,7,28,7.2
7.2,89,1006.9,8,26.6,9
4.8,85,1007.3,7,26.7,39.8
6,94,1006.3,7,25.6,39.6
5.6,93,1005.7,8,25.8,37.6
2.6,95,1008.7,8,25.2,22.8
5.2,89,1011.2,7,24.5,25
2.8,79,1009.4,4,28.4,0
7,78,1007.6,6,28.6,4.4
7.2,74,1009.1,1,29,0
5.2,76,1008,4,28.9,0
6.2,86,1007.6,7,25.5,13.4
4.4,70,1007.6,6,29.3,0
6,73,1008.5,5,29.9,2.8
5,78,1006.7,7,29.4,0
5.4,76,1007,7,29.8,0.6
7,80,1006.8,8,29.2,0
5.4,81,1007.2,7,28.8,2.8
2.8,90,1008.5,7,26.7,21.8
4,95,1008.1,7,23.9,13
2.8,86,1009.2,6,27.2,3.8
5.2,77,1009.3,5,28.7,0
7.4,89,1009.5,7,26.3,49.4
4.8,95,1007.7,7,24.2,36.8
4.4,82,1007.5,6,27.5,8.6
7.4,94,1006.7,8,25.2,25.4
9.4,96,1006.4,8,24.2,132.6
4,95,1003.9,8,24.6,40
9.4,94,1005.8,8,24.5,88.6
1.8,77,1008.7,7,27.8,5.2
2.2,87,1009.4,7,28,0
6.4,76,1008.5,7,27.6,0.4
3.2,81,1006.7,7,29.1,0.4
3.4,89,1002.4,8,26.1,7.8
4.4,89,1004,8,26.8,29.6
9.6,87,1004,7,27.3,60.4
7,83,1006.3,7,28.3,8.6
4,81,1006.4,5,28.9,0
6,87,1007.1,6,27.1,1.6
5.4,89,1006.6,7,27.7,0.4
4.2,81,1008.3,7,27.1,15.4
3.4,81,1009.1,7,28,0.4
1.6,84,1009.6,7,26.7,1
4,79,1009,7,28.4,4.4
3.6,86,1008.8,7,27.1,7.2
5.2,96,1010.1,8,24.1,24.2
3,79,1007.4,6,28.4,7.8
3.4,83,1005.9,7,28.6,4.2
4.6,87,1005.3,7,26.5,14.6
5.4,94,1006.8,7,26.8,8.6
4.8,81,1008.2,6,28.8,19.6
6.8,85,1008.8,7,28.5,12.6
2.8,80,1008.9,6,27.7,1.2
4,85,1010.2,5,28.3,0
5.4,84,1009.6,7,28.1,0
3,94,1008.9,7,26,0.8
1.6,87,1008,6,28,1.6
4.2,78,1007.6,6,29,1.4
3.6,82,1007.4,7,28.7,4
3.4,76,1008,7,28.4,0.2
5.6,83,1008.6,7,27.2,8
7.2,92,1008.3,7,26,7.8
3.8,76,1006.9,6,27.3,1.6
6,88,1007.1,7,26.2,11.2
6,86,1006.4,7,25.7,50
4,85,1005.8,7,26,4.8
5.2,90,1004.8,8,25.1,14.8
4.4,71,1010.9,2,26.2,0
5.6,73,1010.2,3,25.6,0
4,65,1010.3,3,28.1,0
5.6,82,1011.8,6,25.5,0
8.2,56,1013,7,24.5,0
7,54,1012.6,2,25.7,0
5.2,72,1012.2,6,25,0
4.4,70,1012.5,5,25.1,0
3.6,77,1013,7,26.6,0
6.2,42,1014.7,2,25.4,0.6
7.4,46,1015.7,4,22.8,0
7.8,37,1015.7,7,22.5,0
8.8,39,1015.4,3,19.8,0
6.4,52,1014.9,6,22.9,0
5,56,1015.6,4,23.5,0
6.8,54,1016.2,5,23.1,0
5.4,64,1015.1,3,23.7,0
6,63,1014.9,4,24.7,0
6.4,67,1015.4,3,25.8,0
7.6,62,1013.6,2,25.9,0
7.2,70,1013.6,6,24.8,0
7.4,65,1013.2,4,25.5,0
4,66,1013.4,7,24.8,0
5.4,58,1012.5,3,23.2,0
7.6,41,1013.7,6,20.7,0
7.4,48,1013.8,1,20.5,0
7.4,47,1014,3,20.5,0
6.2,51,1014.2,6,21,0
4.8,46,1015.6,2,22.1,0
4.8,60,1015.9,2,23,0
6.4,52,1014.6,3,21.6,0
6.6,39,1015.9,2,20.6,0
6.2,34,1016.9,2,20.4,0
5.6,51,1016.9,1,21.4,0
6.4,50,1015.2,1,22.3,0
5.4,53,1014.2,3,21.9,0
5.6,56,1013.9,3,22.3,0
4.2,67,1013.8,4,21.8,0
5,72,1013.2,3,22.2,0
4.8,71,1011.9,7,22.1,0
4.6,67,1012.1,6,23.3,0
5.6,63,1014.6,6,18,0
6.8,38,1017,2,17.1,0
5.2,35,1017.2,1,17,0
7.2,43,1018.7,5,16.7,0
5.8,54,1018.6,5,17.3,0
5,40,1018.7,3,18.6,0
6,44,1017.3,2,17.7,0
4.8,51,1016.2,1,18.3,0
5.4,50,1015.5,5,20.4,0
5.8,64,1015.8,1,20.6,0
3.8,66,1016,3,21,0
7.4,39,1014.4,2,18.5,0
7.8,45,1014.7,6,20,0
5.6,43,1015.4,1,22.8,0
5,54,1015.4,2,24.2,0
7.4,56,1014.1,1,23.8,0
4.6,57,1014,1,23,0
6,63,1014.9,1,23,0
4.4,66,1015.1,2,23.8,0
4.8,58,1014.3,1,24.5,0
4.8,68,1014.2,1,24.4,0
6,75,1014.7,2,24.3,0
5,71,1016.3,5,23.3,0
5.2,62,1017.1,3,23.7,0
6.4,55,1015.1,7,24.3,0
4.8,71,1016.3,1,23.8,0
4,30,1017.9,3,23.7,0
8.4,48,1017.2,1,21,0
8,40,1015,0,20.7,0
6.4,44,1015,4,25,0
7.4,40,1014.6,7,24.4,0
6.2,70,1013.1,1,24.1,0
7,65,1013.8,1,24.1,0
5.8,68,1015.2,5,24.7,0
5,56,1014.2,1,25.3,0
4.8,63,1013.8,3,25.9,0
6.8,63,1014.9,3,24.6,0
6.8,48,1015,5,23.9,0
6.2,41,1014.8,5,25.4,0
5.8,44,1014.2,4,22.2,0
7,59,1014,3,21.3,0
6.2,41,1014,4,21.4,0
5.2,38,1014.3,1,22.9,0
6.6,51,1015.1,1,22.9,0
6.4,78,1016.3,2,22.6,0
5.4,63,1018,4,23.2,0
6,60,1016.2,1,23.8,0
7.4,73,1015.9,2,24.4,0
6,93,1014.4,1,21.4,0
6.6,69,1014.5,1,24.6,0
6,72,1015.5,2,25.1,0
6.4,67,1016.9,1,23.3,0
7.2,74,1016.5,1,23.4,0
7,59,1015.9,2,23.3,0
7.8,57,1014.9,1,24.1,0
7.4,64,1015.1,7,23.8,0
6,70,1015.3,1,24.8,0
6.4,68,1016,3,25.8,0
5.6,74,1015.3,5,25.8,0
5,74,1014.7,3,24.7,0
7.2,70,1013.9,4,25.3,0
6.2,79,1013.4,1,24.5,0
5.6,68,1014.3,1,25,0
6.2,54,1015.8,2,25.4,0
8.6,65,1016.8,5,25.1,0
6.6,67,1015.2,1,25.2,0
5.6,79,1013.5,2,24.7,0
4.8,71,1015,2,25.8,0
6.8,38,1017,3,24.5,0
8,33,1017.5,0,22.8,0
7.4,40,1018.2,1,22.3,0
8.6,30,1017.8,3,23.2,0
8.6,32,1017.5,2,23.5,0
9.8,29,1017.9,6,22.9,0
7.6,48,1016.4,4,24.2,0
6.8,60,1016.1,1,24.9,0
8.2,65,1015.7,2,25.8,0
6,71,1014.9,2,26.6,0
6,75,1014.7,5,26.8,0
7,88,1014.9,5,25.4,0
7,78,1014.1,1,25.6,0
7.8,35,1013.9,1,24.9,0
7.8,71,1014.1,1,27.1,0
7.6,79,1015.2,7,26.4,0
5.2,69,1015.7,7,27,0
5,66,1015.2,0,27.4,0
7,63,1014.9,1,27.8,0
6.8,75,1014.6,2,26.9,0
5.6,69,1014.2,1,26.7,0
7.6,76,1014.7,2,26.7,0
7.2,31,1016.7,7,24.1,3.2
9.6,17,1016.2,1,23.5,0
9.6,23,1016.5,6,22.4,0
8,25,1017.3,0,22.9,0
9.4,17,1016.6,0,26.4,0
8.2,68,1015.5,6,25.3,0
7.6,72,1015.2,1,26.1,0
6.2,66,1013.8,6,27.3,0
7.2,67,1014.8,3,27.6,0
5.6,80,1015.1,3,27.2,0
6,72,1014.1,5,27.6,0
5.6,71,1014,2,27.6,0
7.6,72,1015.3,7,27.7,0
4,68,1014.5,1,28.3,0
7.8,65,1014.3,0,28.1,0
6.2,73,1013.5,5,27.6,0
5.8,66,1014,1,28.4,0
5.8,77,1012.2,2,27.6,0
8.6,65,1013,3,27.4,0
7.2,67,1013.5,3,27.7,0
6.8,70,1012.9,4,28.2,0
5.8,70,1012,3,28.5,0
7.4,74,1012.2,6,28.2,0
5.8,77,1012.5,4,27.8,0
6.4,70,1013,4,28.5,0
7.2,62,1014.2,1,29.1,0
7.2,70,1013.9,5,28.9,0
7.8,77,1013.1,5,28.4,0.4
7.2,63,1013,2,29.7,0
6.4,81,1012.9,7,27.9,0
4.6,68,1013.5,4,29.1,0
6.8,67,1011.5,2,29.9,0
8.4,74,1011.2,6,28.9,0
6.4,80,1013.7,6,28.5,0
7.2,68,1012.9,2,29.5,0
8,66,1014.3,3,29.2,0
7.6,70,1013.3,5,30.6,0
6.8,71,1014.4,2,27.5,19.8
4.8,61,1012.7,0,28.7,0
7.6,70,1012,1,28,10.2
7.8,59,1011.7,1,28.7,0.4
9,55,1011.6,5,30,0
11.4,83,1012.1,7,26.9,38.2
5.8,63,1013.1,6,27.7,0
8.2,96,1012.8,8,22.4,21.8
1.6,79,1012.1,6,28.4,3.8
4.4,72,1011.8,6,29.3,3.4
4.8,71,1011.2,1,29.5,6
11.2,82,1010.3,7,26,29.2
5.6,72,1009,4,28.6,0
4,73,1008.7,3,29,0
7,78,1009.1,5,29.4,7.8
6.6,62,1009.6,2,30.1,1.6
5,69,1009,2,29.8,2.4
3.6,64,1010.2,2,29.6,0
6.4,70,1011.3,6,29.7,0
7.4,64,1010.1,5,30.5,0
10.4,71,1010.7,7,26.8,33
6,91,1011.9,7,23.9,13.2
5.4,76,1011.9,6,29.4,0.2
6.4,82,1013.2,7,27.1,8
3.8,71,1012.8,6,28.2,1.2
5.8,72,1012.4,7,30.1,0
4.6,81,1011.8,7,29.1,12
6,90,1011.7,7,23.5,7.4
3.8,71,1010.9,6,29.7,0
5,67,1010.9,3,30.1,0
4.6,70,1010.9,6,29.7,0.4
7,71,1010.8,6,28.7,30.6
6.2,89,1010,4,27.7,0.8
5.6,71,1009.9,6,29.4,0
4.2,75,1009.5,6,30,10.4
8.4,73,1007.6,7,30,1.8
5.6,63,1010,5,29.9,0.6
6.8,81,1009.4,8,29,4
6.4,67,1009.2,7,30.5,0.4
6.4,73,1009,3,30.3,1.8
7.2,77,1009.9,7,28.1,9
3.4,83,1009.4,7,29.1,8.8
5.8,71,1008,6,31.5,0
8.8,75,1007.4,8,27,17.6
5.4,73,1007.8,4,30.9,0
6.2,66,1007.5,2,29.6,0
7.6,77,1006.7,7,29.1,1.2
6.8,69,1007.2,7,30.6,0
7,71,1007.3,5,30.7,0
7.2,71,1006.3,7,30.8,0.4
5.2,73,1007,7,30.1,24.4
5.8,72,1008.4,7,30.7,8.8
7.2,68,1009.7,7,30.5,0
6.6,81,1008.9,8,29.4,0
1.4,70,1007.8,6,30.1,11.6
3.8,79,1006.6,7,29.2,11.4
6.6,66,1006.7,6,30.1,0
4.2,82,1007.4,7,29,36.2
4.4,93,1007.2,7,26.4,17.8
3.8,83,1006.5,8,28.9,9.6
1.6,85,1005.3,7,28.1,5
5.8,81,1003.4,7,27.7,5.8
6.2,74,1001.9,7,28.9,0.2
4.4,84,1001.7,7,26.9,42.6
2.8,71,1002.1,7,28.6,15.8
4.8,70,1002.8,7,28.5,7.2
4.4,69,1005.7,7,27.9,0.4
6,66,1005.4,7,28.8,0
6.8,71,1006.6,7,31.8,0
6.2,73,1008.1,7,31.2,0
5.6,76,1009.1,5,30.3,11.2
6.8,75,1009.7,5,30.1,7.2
7.2,63,1009.2,7,29,0
4.2,73,1011.3,7,30.2,0
6,72,1010.9,6,30.2,0
7,75,1010.6,7,29.4,0
6.8,71,1010.7,5,30.3,0
7.8,72,1010,6,30.2,0
5.8,79,1009.7,4,29.4,0
8,69,1009.2,3,30.3,0
9,74,1010.1,6,29.9,0
6.4,70,1009.6,7,28.3,0
9,72,1009,7,31,0
8.2,76,1007.7,4,27.2,19
5.6,68,1006.9,6,30,0
4,77,1006.6,7,30.4,4.4
6.6,75,1007.8,7,30.7,0
8.4,96,1008.1,8,24.4,13
3.4,81,1007.8,8,27.3,1
3.6,78,1006.6,6,29.3,7.6
5.6,72,1004.9,7,29.3,0.4
6,82,1006,7,28.1,8.4
6.8,83,1003.7,7,28.4,21.8
7.2,96,1000.7,8,24.9,29
5.4,79,1005.4,7,29.6,3.6
8.8,93,1006.6,8,25.8,5.8
2.4,81,1006.9,7,27.3,33.4
5.4,93,1007.8,8,26.2,30
3.2,88,1007.1,7,26.9,44.6
4.6,78,1004.8,7,29.7,0
3.4,82,1006.4,6,27.6,3.6
4,75,1008.3,6,29.5,0
7.2,72,1008.5,5,29.9,0
6.8,76,1005.8,7,29.9,0
8.8,76,1006.8,8,29.7,0
2.6,78,1008.3,7,28.6,27.2
5.6,81,1009.1,7,27.7,9.6
6,84,1009,2,29.3,1
5.6,77,1009.6,3,29.8,0
5.2,78,1011.1,5,30.2,0
7,75,1011.8,4,29.2,2.8
7.8,65,1011,6,29.7,0
8.2,71,1009.7,5,29.8,0
7.6,78,1009.6,1,29,0.8
4.4,69,1009.5,3,30.4,0
7.2,71,1009.9,6,29.7,0
5.8,86,1011.4,7,25.1,2
5.4,83,1010.4,7,26.3,0.8
4.6,81,1009.1,7,27.3,2.2
4.8,79,1008.6,7,28.9,0.4
3,82,1009.3,5,27.4,2.6
6.8,93,1008,6,26.2,11.2
4,83,1008.1,7,27.4,0.2
6,81,1008.5,6,27.1,0
6,92,1007.8,7,25.8,16.8
5,78,1005.8,7,27.5,0.6
5,90,1007.5,7,26.9,23.2
3.8,78,1006.5,7,27.8,9.2
5.4,91,1005.4,6,27.2,22.6
2.4,81,1007.1,7,28.9,0
3.8,80,1008,6,29.5,0.2
10.6,90,1008.1,7,25.8,91
5.8,79,1006.6,6,28.2,28.8
5.4,77,1006,6,26.7,4.6
6.8,89,1007.2,8,26.3,0
3.2,88,1007.3,7,26.3,0
8,82,1006.2,7,27.6,24
2.8,89,1005.3,8,27.1,16
3,91,1005.5,8,27.1,21.4
6.6,98,1005.8,8,24.2,96.8
3.8,76,1006.2,8,29,17.6
2.6,76,1006.6,7,29.8,7
3.2,82,1007.5,7,28.5,6.2
4.2,81,1006.2,6,29.2,0
6.2,78,1005.1,6,29.2,0
6,71,1006.4,7,30.1,0
6.2,79,1008.2,6,29.2,0
4.8,79,1010.5,7,28.3,3.2
4.4,80,1009.8,6,28.7,0
5.4,67,1010.8,4,26.8,2.8
5.6,66,1011,2,27.6,0
6.4,68,1011.6,5,28.9,0
6.8,80,1011.3,8,27.8,0
4.2,89,1012.2,7,26.4,6.6
7.2,80,1011.6,2,29.1,0
3.8,70,1013.7,2,29.4,0
6.2,65,1013.9,3,28.8,0
7,73,1014.8,6,28.9,2.8
5.6,69,1015.7,1,29.3,1.4
7,69,1014.9,3,29.4,0
5,73,1013.7,3,29.4,0
7.6,69,1013.6,5,29.6,0
6.6,65,1013.1,1,29.7,0
5.6,69,1013.7,3,28.7,0.8
7.6,68,1013.5,1,29.4,0
7,69,1013.6,1,29.3,0
7.4,62,1012.6,3,27,1.8
8.6,60,1012,7,27.8,0
9.4,71,1013.1,4,26.3,2.6
6,72,1013,7,27.8,8.2
6.8,71,1012.7,6,28.1,2.6
6.2,62,1011.1,3,28.4,0
7.6,59,1009.3,7,28.6,0
7,70,1008.5,7,28.6,0
5.4,65,1008.6,4,28.7,0
7.8,86,1008.9,7,27.2,1
4.8,89,1009.3,7,26.4,6.2
2.8,81,1010.4,7,27.8,0.2
4.2,75,1010.7,7,28.1,0
7.4,82,1011.2,8,26,40
4.4,83,1012.6,8,24.9,2.6
5.8,65,1014.1,4,23.1,0
6.2,51,1014.1,6,23.5,0
5.4,48,1013.6,2,23.8,0
6.6,49,1012.9,1,22.7,0
5.2,60,1012.7,2,23.8,0
4.8,60,1013.2,5,23.6,0
5.6,71,1012.6,7,26.9,0
7.4,80,1011.2,7,26.3,25.8
7,72,1011.1,5,27.7,25.6
6.6,60,1011.7,2,26,0
6.4,49,1012.2,7,24.8,0
6.6,67,1011.6,7,25.7,0
3.6,69,1010.5,7,27.8,0
4,79,1011.4,7,25.9,0
1.8,80,1012.6,6,25.8,0
2.6,76,1012.2,5,26.2,0
6.4,70,1011.8,2,26.7,0
5.2,68,1012,6,26.5,0
5.2,60,1013.2,2,26.8,0
7.2,55,1013.4,4,24.2,0
7.2,52,1013.7,7,21.8,0
6.6,42,1014.2,2,23.2,0
6.6,59,1013.7,3,24.1,0
5.2,47,1013.9,1,23.3,0
6.6,55,1013.1,4,26.2,0
4.2,64,1013.4,2,25.6,0
7.6,47,1013.3,1,23.8,0
6.8,68,1012.3,6,25.1,0
4.2,71,1012,7,25.4,0
5.8,47,1014.1,7,24.3,0
11.6,37,1015.8,6,20.3,0
6.6,25,1015,3,20.8,0
7,31,1015,6,20.8,0
7.8,41,1013.7,8,20.5,0
4.2,42,1013.9,6,20.6,0
6.2,49,1013.1,7,22.1,0
5,67,1012.2,0,26.4,0
4.6,69,1011.9,3,26.1,0
5,60,1012.2,2,24.9,0
7.2,69,1013.8,6,23.1,0
6.4,42,1014.9,7,20.9,0
5.8,40,1015.1,5,20.3,0
6,51,1015,0,20.2,0
7,53,1015.6,1,20.3,0
6,46,1016.1,0,21.1,0
5.2,55,1015.6,0,20.4,0
6.4,38,1013.8,1,20.5,0
4.8,60,1015.1,2,21.4,0
4.2,72,1015.8,6,23.7,0
4.4,76,1014.4,5,23.7,0
4,82,1014,1,23,0
4,83,1015.2,2,23.9,0
5.8,87,1018.2,2,23.8,0
7.6,40,1017.4,3,24,0
8,45,1016.4,0,22.2,0
6.4,42,1015.5,0,21.6,0
5.6,61,1016,0,21.1,0
5,65,1015,2,20.9,0
6,35,1016.5,2,20.4,0
9.2,28,1019.3,1,17.6,0
7.8,29,1017.8,0,17.7,0
6.6,36,1017.8,0,18.7,0
5.8,42,1016.1,0,19.7,0
5,55,1014.6,3,20.3,0
5.8,53,1013,1,21.8,0
5.6,78,1013.4,0,22.2,0
4.6,72,1014.8,1,23.8,0
7.8,39,1015.9,3,19,0
8,32,1015.1,1,18.6,0
7.8,22,1014.3,1,19,0
7,24,1014.9,1,19.4,0
9.8,33,1014.7,1,20.3,0
5.6,44,1012.8,0,21.6,0
6.2,56,1012,2,23.4,0
5.4,75,1012.6,3,25.5,0
5,76,1012.9,6,24.5,0
6,78,1013.2,6,25.7,0
2.6,87,1013.1,4,24.4,0
4.4,77,1013.3,2,25.3,0
4,79,1012.8,7,24.8,0
6,79,1013.2,2,25.9,0
8.8,44,1014.7,4,25.8,0
6.6,52,1014.7,4,25.5,0
6.8,38,1015.1,3,23.6,0
8.6,29,1015.4,3,22,0
9,32,1017.1,2,20.9,0
7.6,22,1017.4,0,20.1,0
6.6,26,1015.7,2,19.6,0
6.6,42,1014.6,1,20.3,0
5.4,52,1014.6,1,23,0
5.8,67,1015.9,2,24.3,0
3.8,69,1014.5,1,24.4,0
5.8,68,1015.2,7,25.3,0
4.8,37,1016.9,2,22.9,0
7.8,36,1017.1,6,19.7,0
6.2,28,1016.4,2,20.4,0
6.8,35,1016.8,1,21.3,0
7.2,28,1017.1,1,20.9,0
7.4,45,1016.8,1,22.3,0
5.6,68,1016.1,1,23.6,0
5.4,74,1016.1,1,24.2,0
5.4,71,1016.7,2,24.5,0
5.2,77,1017.5,1,23.9,0
6.6,44,1016.8,2,22.7,0
7,57,1017.3,1,23.7,0
7.4,66,1017.4,0,24.2,0
7.6,74,1017.9,0,24.1,0
7.4,42,1018.5,0,21.7,0
10,19,1018.5,0,19.3,0
7.8,24,1017.7,5,20.9,0
7,50,1017.1,1,21.3,0
6.8,57,1017.4,1,22.9,0
6,56,1016.3,2,23.3,0
6,79,1014.9,5,23.7,0
4.6,59,1015.7,0,25.1,0
6.2,68,1015.1,1,24.9,0
6,98,1015.5,8,21.1,0
6.8,87,1014.5,7,22.5,0
5.4,84,1014.8,7,23.6,0
5.8,93,1014.3,6,21.8,0
6.6,65,1014.7,1,27.3,0
6.6,65,1014.8,5,27.6,0
6.8,60,1014.3,6,28,0
6.2,74,1014.6,6,25.7,0
7.6,82,1015.3,1,25.4,0
7.2,91,1016.2,2,23.8,0
6.4,73,1015.8,1,25.6,0
7.4,73,1014.8,2,26.4,0
6.2,74,1014.6,1,26.8,0
6.4,73,1014.4,4,25.9,0
7.4,66,1014.2,7,26.6,0
6.8,75,1015.3,5,25.9,0
6,69,1015.4,7,26.9,0
6.4,68,1014.3,1,26.5,0
7.2,74,1015,6,26.6,0
6.6,63,1014.4,0,27.6,0
7.2,61,1015.2,5,26.4,0
9,35,1014.3,4,26,0
6,66,1014.6,6,27.6,0
7.8,82,1015.1,5,26.4,0
6.8,67,1013.9,3,28.2,0
6.4,67,1012.9,2,27.8,0
6.4,60,1014.7,2,28.2,0
7.8,73,1015.8,2,27.2,0
5.8,68,1015.7,4,28,0
6.8,74,1015.2,1,26.9,0
5.6,76,1014.2,3,27.1,0
7,45,1014.5,2,28.5,0
7.2,62,1015.1,2,28.2,0
7.4,68,1014.5,5,28.1,0
7.8,71,1012,2,27.9,0
7.4,73,1010.9,2,28.3,0
6.8,66,1012.5,1,28.4,0
8.8,72,1013.6,4,28.2,0
7.8,67,1013.7,2,28.6,0
7.8,71,1013.9,4,27.7,0
6.8,64,1014.1,3,28.9,0
11,96,1017.1,8,22.6,21.2
3.8,69,1016.9,5,27.6,3.2
3.6,72,1016.7,2,27.5,0
7.4,62,1014.7,2,28.2,0
7.6,71,1013.8,3,28,0.4
8.4,64,1014.2,5,29.2,0
7.2,73,1014.1,7,28.1,0
4.6,66,1013.6,6,27.9,0.6
7,61,1012.1,1,29.2,0
7.4,63,1011.1,3,29.6,0
7.6,63,1011.4,6,30.5,0
7.2,71,1011.8,3,29.5,0
9.2,66,1014.5,7,28.5,0
9,64,1014.8,2,29.1,0
9.6,55,1015.3,5,29.5,0
8,68,1015,3,28.6,0
7.6,64,1014.9,2,29.4,0
7,59,1014.3,4,30,0
6.8,76,1013.6,6,28.6,0.6
4.6,67,1013.4,3,28.7,1.2
6.6,60,1012.3,1,29.9,0
7.8,58,1012,2,29.5,0
7,63,1011.2,5,29.9,0.6
5.2,67,1010.6,1,28.6,0.6
7.6,69,1010.5,4,29.6,0.4
8.8,66,1011.3,6,29.4,0
5.8,61,1011.1,7,30.7,0.2
7.6,72,1010.5,5,29.9,0
7.4,96,1012.1,8,23.4,5.8
5,60,1011.1,3,29.9,3.2
6.8,67,1010.9,5,29.8,0
6,61,1011.5,2,30.3,0
7,65,1012.5,7,30.4,0
7.6,71,1011.2,4,29.2,1
13,88,1010.3,7,26,31.6
4,76,1010.6,6,29.8,0
7.6,70,1010.2,5,30.7,0
4,66,1011.3,7,29.6,3
6,66,1010.4,4,30.2,0
6.2,72,1009.9,4,29.5,20.4
4.8,62,1011.1,7,28.6,0
5.6,63,1012.1,7,29.8,0
6.8,72,1012.1,7,29.4,0
6.4,76,1011.3,4,28.3,11.8
4.6,79,1011.3,7,28.1,2.8
6,70,1011.4,7,30.1,0
6,68,1012,2,29.7,2.2
6.4,64,1011.8,4,30.6,0
6.6,72,1010.7,6,30.1,0
5.6,68,1010.4,7,27.8,0.8
4,73,1010.5,6,30,0
6.2,62,1011.3,3,30.4,0
7.2,64,1010.2,6,31,0
8,68,1010.4,6,31,0
8.4,80,1012.3,7,28.3,0
5,68,1011.6,4,30.9,0
4.8,67,1012.2,6,30.7,0.2
7.4,57,1012.3,2,31.4,0
8,65,1010.3,6,31.4,0
7.8,69,1011,6,29.9,0
7.4,84,1010.8,7,27.3,3.4
7,71,1010.7,6,30.1,0.2
4.5,68,1007.7,6,30.9,0
5.4,88,1008.1,4,28.2,15.2
5.2,70,1005.8,6,30,1
6,82,1006.1,7,28.3,7.2
4,82,1007.1,7,27.9,20.6
6.2,82,1006.4,8,28.2,0
8,80,1006.8,7,26.9,1.8
1.8,77,1005.3,6,29.3,3.2
8,68,1005.8,7,30.4,0
7,70,1005.9,7,30.3,0
7,83,1007.4,8,26.8,0.2
4.4,92,1005.9,7,26.1,30.4
2.4,82,1007.1,7,28.7,13.2
2.4,82,1008.8,6,29.5,3.6
0.8,75,1008,7,30.2,4
7,80,1004,7,27.1,0
4.6,73,1005,7,29.7,0
10.2,98,1005.3,8,24.8,20.8
0.4,87,1006,7,27.6,32.8
4.6,73,1008.4,7,29.6,22.8
7.4,74,1008.2,7,30.3,1.4
6.8,77,1006.6,8,30.1,0
7.6,77,1007.6,8,30.5,0
7.8,81,1006.8,7,30.2,0
4.6,78,1006.6,6,30.8,0
7.6,78,1007,7,31.3,0
8.2,77,1007.2,7,27.7,25.6
6.4,70,1008.2,6,26.7,0.2
5.6,76,1010.3,7,29.1,0
6.4,80,1010.6,6,29.9,2
5.2,69,1009,7,30,1
6.6,82,1009,7,29.1,0.8
3.2,90,1006.1,8,26,18.8
3.4,90,1006,8,27.3,7.4
1.4,80,1007.5,7,28.9,13.4
5.2,73,1008,3,30.1,0.4
6.6,76,1008.9,6,29.3,0.8
7.8,87,1008.6,7,27.8,4.8
5.4,83,1008.3,4,28.8,1.6
1.6,83,1006.8,6,27.9,15.2
6,85,1007.8,7,28,6
4.2,77,1007.9,1,30.2,31.8
7.4,81,1008.5,6,27.4,12
7.6,72,1011.7,3,30.4,0
6.6,85,1012.2,7,27.6,8
6.2,82,1011.1,6,29.6,1
7.4,76,1009.9,1,29.5,0.2
3.6,71,1011.3,1,29.7,0
6.8,80,1012,1,29.1,20.6
5.4,74,1010.5,3,30.8,0
5.4,77,1011.1,5,29.7,1.4
5.4,86,1010.3,8,25.9,26.2
4.8,79,1009.2,7,26.8,26.2
6.2,84,1007.1,7,26.2,13.8
0.8,89,1006.5,7,26.2,1.8
3.4,89,1005.9,7,26.6,61.8
2.8,94,1005.8,7,26.8,9.2
3.2,94,1005.9,7,26.6,80.6
2.8,80,1007,6,29.3,3.2
4.4,85,1010.1,7,28.5,5
4,77,1010.5,7,27.6,1.2
4.8,75,1010.1,3,26.5,0
7.4,72,1010.3,5,29,0
7.4,71,1009.9,7,29,0
6.2,70,1009,3,28.3,0
6.4,66,1009.8,4,29,0
6.8,70,1011,7,28.8,0
6.4,72,1009,7,28.9,0
6.6,50,1008.9,4,27.7,0
9.2,42,1010.8,2,27.7,0
7.4,47,1012.1,5,28.9,0
8,64,1011,2,28.3,0
6.8,63,1009.2,4,29.2,0
6.6,67,1010.4,2,29.9,0
6.4,75,1010.8,1,29.8,0
6.8,75,1011.4,6,27.9,0.6
8,66,1012.1,1,29.2,0
7.8,70,1012.3,3,29.7,0
4.2,72,1012.4,6,30.3,0
7.6,76,1011.6,2,29.3,0
5.6,81,1012.1,4,29.4,2.2
5.6,72,1013.9,5,29.4,0
7,62,1013.4,2,29,0
8.6,51,1013.8,7,26.4,0
7.8,54,1013.3,2,27.4,0
7.6,71,1013.7,3,28.4,0
4.6,86,1014.4,6,25.8,0
6.4,54,1013.6,2,28.6,0
6.2,66,1011.9,2,28.6,0
6.8,62,1010.5,1,30,0
7.2,63,1011.7,6,29.4,0
7.2,67,1013.2,7,28.7,0
8,62,1012.9,5,28.5,0
7.2,66,1011.2,2,29,0
5.6,64,1010.8,1,28.9,0
8,58,1011.6,0,26.8,0
7,84,1012.4,7,26.1,0
5.4,66,1012.3,2,28.1,0
5.8,72,1012.1,2,28.4,0
6.6,74,1012.8,3,28.1,0
5,56,1010.5,5,26.5,0
5,70,1010.8,7,27.2,0.6
6.8,80,1011.6,7,28.1,0
6.8,71,1012.7,6,27.6,0
5.2,70,1012.9,7,28.2,8.2
4.8,74,1012.4,7,28.1,1.6
4.2,78,1011.8,7,27.1,0
7.2,77,1012.7,6,28.1,0
5.6,76,1012,5,29,0
5.2,75,1012.9,7,27.6,0
6.4,74,1013,3,25.7,21.2
10.6,42,1015.3,2,20.9,0
5.6,67,1014.3,7,21.1,0
5,73,1013,7,22.9,0
3,66,1013.5,7,25.4,0
5.8,77,1013.3,7,26.9,0
3.6,67,1014,6,25.3,0
7.8,65,1012.8,4,26.3,0
5.8,68,1013,1,26.2,0.4
6.6,64,1012.4,3,26.7,0
7,55,1012.4,2,25.7,0
9,48,1013.5,1,24.4,0
6.6,62,1012.7,1,25.2,0
5.8,67,1012.5,7,26.1,0
6.8,61,1012.6,2,26.8,0
7.4,54,1012.6,1,26.2,0
6.2,58,1011.9,2,24.8,0
6.4,69,1011,7,25.5,0
5.2,70,1011.2,2,27.1,0
6.6,75,1010.5,5,26.9,0
5.2,65,1010,5,26.3,0
8,56,1010.7,6,25.2,0
6.8,37,1013,7,23.9,0
8.4,39,1012.2,4,21.2,0
6.6,43,1011.2,4,21.1,0
4.4,55,1011.6,4,23.9,0
5.4,60,1012.4,7,24,0
6.2,55,1013.2,6,25.7,0.2
10,30,1014.5,7,23,0
9.2,36,1014.4,7,24.1,0
6.8,36,1015.1,7,24.6,0
7,52,1015.3,1,24.2,0
6.6,45,1015.3,1,25.1,0
7.2,72,1014.4,6,25.7,0
6.4,74,1013.2,1,26.2,0
5,71,1013.4,2,26.2,0
6.6,74,1015,6,23.3,0
7.2,33,1017,1,23.8,0
8.8,30,1016.2,1,22.2,0
8.6,37,1017.5,4,18.4,0
7.6,59,1015.7,6,21,0
5.2,54,1013.8,6,23,0
6.4,62,1012.8,1,23.4,0
4,72,1013.9,1,25.5,0
7.8,45,1013.8,6,26.8,0
7.2,57,1014.2,2,26.1,0
5.6,53,1013.8,1,27.1,0
7.8,59,1013.3,5,25.1,0
9,49,1013.7,1,25.1,0
5.6,69,1014,7,25.2,0
5.4,60,1014,1,24.6,0
7.8,58,1014.8,1,24.4,0
8,56,1014.1,1,24.3,0
7.8,68,1013.6,6,24.7,0
7.4,58,1013.6,7,24.8,0
7.2,73,1013.1,6,24.9,0
5.8,85,1012.7,1,25.3,0
5,63,1012.4,7,24.7,0
5.2,49,1014.9,1,25.3,0
10.4,29,1017.3,2,24.1,0
11.4,17,1017.5,1,21.2,0
9,24,1016.7,1,20.8,0
10.2,30,1015.9,0,20.1,0
7.4,41,1015.5,4,23.3,0
5.8,52,1014.6,7,23.1,0
4.4,68,1014.7,7,24.4,0
4.4,59,1013.1,6,24.1,0
8,46,1014.1,7,24.1,0
6.6,46,1013.7,3,23.9,0
7.6,57,1015.5,4,23.7,0
10.2,62,1016.1,1,22.6,0
8.4,26,1016.8,1,22,0
9,26,1016.5,1,23.8,0
8.4,45,1016.1,0,23.7,0
5.8,65,1015.6,0,24.5,0
6.6,65,1015.7,0,24,0
7.2,65,1014.5,0,24.6,0
6,65,1014.2,6,23.5,0
6.2,63,1014.8,7,24.1,0
5.2,75,1014.1,7,23.3,0
4.8,72,1014.5,3,25.5,0
5.4,73,1014.3,2,25.9,0
5.8,69,1015.2,1,26.5,0
6.2,76,1014.9,1,26.2,0
6.8,75,1013.9,1,26,0
8,63,1014.8,2,26.5,0
6.4,65,1014.4,0,26.2,0
7.2,65,1013.3,0,26.8,0
6.4,68,1013.1,1,26.7,0
6.4,72,1014,5,27.2,0
5.2,87,1015.4,7,23.4,2.6
4.8,44,1016.7,1,24.9,0
8,52,1016.9,1,24.4,0
7.2,67,1016.4,1,25.7,0
7.4,58,1016.3,6,26.8,0
8.4,68,1016.1,1,26.6,0
7,67,1015.9,1,26.9,0
6.4,70,1015.9,2,27.2,0
6,61,1015.3,2,28.1,0
7,71,1016,1,27.7,0
7.4,61,1016.6,0,26.9,0
9,45,1016.5,1,26.4,0
9.4,40,1015.9,1,25.4,0
10.2,47,1015.7,1,25.6,0
9.2,43,1016.5,1,25.3,0
9.4,39,1015.6,0,25.5,0
9,48,1016,1,26.7,0
8,64,1015.2,5,27.2,0
7.6,65,1013.7,2,27,0.2
8.4,58,1014,6,28,0
7.8,65,1015.4,5,27.8,0
8,66,1014.5,6,28,0
9.6,71,1012.6,4,27.5,0
6.6,69,1013.1,2,28.2,0
6,71,1011.8,4,27.9,0
7.2,71,1011.6,5,28.4,0
7.4,71,1010.5,5,28.9,0
7.6,67,1010.8,5,29.2,0
6.6,70,1011.5,2,29.2,0
6.4,78,1012.1,4,28.3,0
8.4,74,1012.5,7,28.2,0
6.4,59,1012.4,1,30,0
8.8,26,1012.9,3,31.4,0
8.8,64,1014.3,5,29,0
8.2,49,1013.6,1,29.6,0
9.8,62,1012.7,2,29,0
8.6,73,1011.9,7,28.6,0
8,62,1012.3,4,29.6,0
6.8,66,1012.4,6,28.4,0
8,62,1014.3,1,28.8,0
8.8,68,1013.9,1,28.7,0
8,71,1014.3,4,29.1,0
7.2,65,1013.1,3,28.8,18.2
7.8,64,1012.1,1,29.8,0
7.6,64,1012.2,1,28.9,0
10.2,68,1011.8,3,29.2,0
6.6,65,1012.2,2,29.9,0
8,74,1012.8,4,29.9,2
7.6,69,1012.3,7,30.7,0
10.2,66,1012.2,7,28.9,0
9.6,64,1011.8,6,29.5,0
7.2,66,1011,1,30,0
8.4,71,1013.2,7,29.3,0
7.8,70,1014.6,7,29.3,14.4
5,70,1014.2,7,28.4,2.8
7.8,74,1013.6,7,29.6,0
6.4,71,1013.1,4,29.1,0
7.2,67,1012.7,4,30,0
7.6,71,1012.3,6,29.6,0
7.8,63,1011.9,6,29.6,0
6.8,62,1011.1,1,30.7,0
7.8,66,1011.3,6,30,7.8
8.6,72,1011.4,4,29.5,26.8
4.6,65,1013.3,4,30,2.8
9.2,61,1013.9,6,29.9,17.6
7,68,1014.1,6,30.3,5.6
5.2,75,1013.6,6,27.7,0.4
8,64,1013.3,3,29.8,0
7.6,76,1013.8,6,28,0.2
7.8,69,1013.2,2,29.8,0
9.6,59,1011.9,1,31.1,0
5.6,64,1012.5,5,30.5,0.8
7.6,64,1012.4,3,30.2,0
7,64,1012.2,3,30.7,0.4
5,68,1012.1,4,29.3,0
7.2,62,1010.9,5,30.3,0
9.4,64,1010.7,2,30.6,1.2
7.4,64,1010.8,3,29.9,0
7.8,64,1010.3,7,30.4,9.4
6.4,67,1008.5,6,30,0
6.6,74,1008.2,1,28.9,14.4
6,66,1009.1,3,29.1,2.8
8.6,70,1010.3,7,28.2,31.8
6.8,89,1011.3,7,25.9,17.2
3.4,70,1008.8,4,30.4,0
6.2,70,1008,4,31.2,10.2
7.8,70,1007.4,3,30.9,9.8
2.2,79,1008.7,7,28.7,3.2
3.4,81,1007.9,6,28.4,4
4,72,1008.1,7,29.9,0
4,74,1007.2,7,30.3,2.6
4.4,90,1007.9,7,24.8,58.2
4.4,86,1006.8,7,26.2,14.8
5.2,72,1006.2,6,29.5,0
7.2,67,1007.2,6,30,0
5.6,70,1007.8,4,30,2
7.2,71,1008.5,7,29.6,0
6.2,80,1009.6,6,29,0
2.8,76,1010.5,5,29.2,0
4.4,73,1008.4,5,28,3.6
5.6,68,1010,2,30.3,0
8,74,1010.3,3,30,0
4.4,68,1009.9,7,30.9,7.4
6.4,69,1008.3,7,30.7,0
6.8,72,1008.4,2,30.3,0
5,70,1008.6,2,30.5,1.8
8,74,1009.4,8,28.6,0
9,73,1009.2,6,30.1,17.6
6.4,74,1008.4,5,28,6
8.2,81,1008.6,7,28.7,9
4.6,68,1008.2,7,28.5,32.2
5.2,72,1009.9,6,28.1,23.2
5.8,75,1009.9,2,29.6,2.4
6.2,74,1008.9,7,30.6,0
0.6,89,1009.1,7,26.7,14.2
3.8,90,1008.4,8,26.9,28
3,84,1008.1,7,27.6,5.8
2.6,91,1008.6,8,26.4,8.2
0.4,91,1009.2,7,26.4,23
2.2,90,1008.8,7,26.8,9
1.8,87,1009.2,7,28.3,0.4
4.4,80,1010.1,7,26.3,7
2.6,80,1010.2,6,29.7,0
4,75,1009.8,6,30.3,0
5.4,80,1009.2,7,28.9,1
7.6,74,1010.1,2,30.4,0
6.4,69,1009.6,3,31.2,0
7.8,73,1008.9,7,30.1,0
6.4,63,1008.3,7,29.5,0
8,67,1008.3,4,28.3,5.6
7.6,75,1007.6,3,31.2,0
7.4,73,1006.4,3,31,0
7.8,76,1006.7,6,30.9,0
12,82,1008.1,7,28.3,22.8
7,84,1009.6,7,27.2,12.2
4.4,77,1006.6,7,27.6,8
4.4,86,1003,7,26.4,15.8
1,96,998.8,7,24.8,30
3,85,1000.2,8,27.9,64.2
3.8,89,1006,8,25.8,38.6
5.2,87,1005.4,7,26.6,14.6
1.6,94,1006,8,25.5,41.8
9.2,89,1005.6,8,27,74.6
3.4,79,1006.2,7,29.5,40.6
3,81,1006.5,6,29,13.6
7.4,81,1007,7,27.2,9
6,91,1007.4,8,25.1,14
5.8,86,1006.2,7,28,1.4
2,76,1006.8,7,29.2,33
6.4,75,1007.6,7,29.2,0
5.4,83,1005.7,7,26.7,3.6
2.8,82,1005.7,7,26.5,4.4
4.2,91,1005.3,7,25.7,42
3.6,93,1003.8,8,25.4,35.6
7,87,1002.2,7,27.1,61.8
5.6,91,1005.7,7,26.8,3.8
6.4,79,1003.6,7,28.1,22.4
7.2,82,1003.5,7,28.1,8
5.8,82,1005,7,28.3,14.4
4.2,84,1004.8,7,28.2,14.8
4.6,79,1003.2,7,29,6.8
4.4,87,1004.3,8,27.9,2.8
5,85,1006.7,7,28.2,0
6,82,1007.4,6,28.5,8.8
6.6,84,1006.7,7,28.5,0
7.6,85,1008,8,27.1,0
6.2,74,1008,7,28.8,0
7,76,1008,7,28.7,0.6
8.2,79,1008.9,7,28.8,2
6.4,91,1006.7,7,25.3,106.4
4.4,93,1008.1,8,24.2,49
4.4,80,1009.2,1,28.4,0.2
7.6,77,1010.4,6,27.8,9.6
6,84,1009.4,7,28.2,0
5.6,76,1009,5,28.8,0
7,71,1010,6,29.1,1.2
7.4,72,1010.3,5,29,0
8,71,1010.1,3,29.5,1
7.6,78,1009.8,3,27.8,9.2
7.6,76,1010.1,6,28.6,13.2
7.8,68,1009.8,6,28.9,0
6,71,1009.9,3,28.5,0
7.4,78,1010.5,6,28.6,0
5.4,81,1009.3,4,27.1,0.2
9,83,1011.2,7,27.4,16.2
7.2,81,1010.3,7,27.5,15.2
6.4,80,1010.3,7,28.8,0
4.4,82,1010.9,7,28.5,3.4
5.4,81,1010.9,6,28.8,3.8
4.6,79,1009.9,6,28.5,11
2.6,70,1010.6,3,28.7,0
2.6,86,1011.5,3,27.9,16.2
7.8,78,1012,5,29.3,8.6
2.8,66,1011,7,27.4,0
6.8,76,1011.7,1,28.6,0
6.8,76,1010.6,3,29,0
7.4,70,1009.9,6,30.3,0
6,77,1009.4,4,30.6,0.4
5.4,79,1010.5,7,29,0
6.8,79,1010.3,7,29.5,8.4
6.2,65,1010.6,7,29.2,0.2
2.8,76,1011.3,2,29.8,0
7.8,62,1011.9,1,27.6,0
8.4,58,1012.6,3,28.5,0
5.6,77,1009.7,7,29.7,4.4
5.2,68,1011.2,2,30,0
6.8,80,1011.3,5,29.3,0
4.8,71,1011.2,4,29.7,6.6
3.4,90,1009.9,7,27.3,0
2,90,1010.6,7,25.4,11.6
4,84,1010.8,7,28.1,17.6
6.4,78,1009.3,7,28.4,18.2
3.6,75,1008.1,7,27,0
5.4,79,1009,7,29.1,2.2
6,79,1009.4,5,28.4,11.8
3.4,80,1011.2,7,26.9,0
4.8,80,1011.4,4,28.2,0
5.2,61,1010.7,6,27.9,0
8.4,77,1011.4,7,27.8,33.2
5,75,1011.3,1,26.9,3.8
6.2,72,1010.6,3,26.8,8.6
7,74,1010.6,7,27,0
7,67,1011.3,7,28.2,0
7,67,1009.6,7,27.9,0
7.2,75,1009.4,7,28.1,0
6,81,1009.4,7,27.7,0
4.4,73,1009.9,7,28.4,0
5.8,81,1010.2,6,27.6,0
6.6,91,1012,8,26.1,35.2
4.4,78,1011.3,5,28.1,0
4.8,79,1012.2,4,28.8,0.2
4.4,80,1013.5,2,28.4,0
4.8,80,1013.4,1,28.9,3.2
4.8,76,1012.4,5,29.1,0
3.4,88,1012.8,7,25.7,0.2
6,63,1014.6,3,26,0
6.2,63,1015.4,3,24.9,0
6,51,1013.6,0,24.6,0
6.6,63,1013.1,1,25.9,0
8.6,65,1012.5,2,26.7,0
4.8,78,1013.3,2,25.3,0
6,79,1013.3,2,27.2,0
4.4,76,1014.3,2,27.8,0
7.2,68,1013.5,2,27.4,0
6,53,1012.3,5,27.5,0
6.2,71,1012.7,7,26.7,0
8.8,75,1013,7,25.9,0
5.4,71,1013,5,27.6,0
6,67,1012.8,2,28.1,0
5.4,75,1013.9,7,26.3,2.8
5.2,63,1013.9,3,26.3,0
7,69,1012.7,1,26.3,0
5.2,65,1013,1,26.9,0.2
6,73,1014.1,1,27.4,0
7,64,1014.7,1,26.8,0
8,75,1014.7,1,26.1,0
6.2,63,1014.9,1,28.3,0
6,77,1014.3,4,27.6,0
7,68,1013.6,1,25.9,0
6.2,71,1013.6,4,26.5,0
6.6,83,1012.2,7,26.2,2.2
5.4,70,1013,5,27.5,0
3.8,75,1012.1,1,27.2,0
5.4,65,1012.1,1,27,0
6.6,48,1012.4,1,27,0
6.8,62,1013.1,4,26,0
7.2,48,1011.9,1,26.6,0
9.8,46,1011.1,1,26.2,0
8.8,50,1011.3,3,27.3,0
10.4,40,1012.9,0,24.1,0
8.8,38,1013.4,1,22.5,0
10.2,42,1012.1,1,22.5,0
6,45,1011.4,0,22.4,0
6.4,53,1010.5,1,22.3,0
7.2,64,1011.9,2,24,0
5.8,64,1013.1,7,23.4,0
7.2,35,1015.4,7,22.1,0
8,31,1016.9,2,19.9,0
7.6,43,1016.2,2,19.5,0
7,58,1015.6,6,22.6,0
5.8,65,1014.4,5,24.4,0
3.6,67,1015.2,2,25.7,0
7.4,65,1016,1,25.5,0
8,64,1017.3,1,24.7,0
6.8,42,1016.9,1,23.3,0
7,34,1016.3,2,22.6,0
5,38,1018.1,0,20.1,0
10.8,43,1017.9,0,21,0
7.6,58,1016.2,2,22.8,0
5.6,77,1014.7,5,23.6,0
4.2,68,1015.4,4,22.3,0
7.8,26,1017.9,1,20.4,0
8.2,30,1018.9,2,19,0
5.6,41,1017.6,8,20.2,0
7.4,51,1015.3,8,20.5,0
4,62,1015.1,3,23.1,0
4.6,72,1015.9,4,24.1,0
5.6,61,1015.9,1,22.2,0
6.4,42,1014.8,5,21.4,0
6.8,62,1013.7,3,24.2,0
5,68,1013.7,6,22.3,0
3.6,81,1014.5,3,22.5,0
5.4,62,1015.6,7,22.9,0
7,68,1016.2,1,22.5,0
6.8,74,1014.3,3,22.9,0
4.4,69,1014.9,1,24.3,0
6,79,1014,1,24.3,0
5,80,1015.6,5,24.6,0
5.8,64,1015.6,2,24.3,0
9.2,35,1016.1,6,25.1,0
7.4,22,1016.8,2,23.2,0
7,50,1016.9,0,23.3,0
6.4,73,1016.5,1,23.7,0
5.4,73,1016.9,4,22.9,0
7.4,77,1015.8,1,22.6,0
6,72,1015.4,1,22.7,0
5.8,78,1016.9,1,23.9,0
4.8,78,1017.6,1,24.7,0
5,73,1017.5,3,24.6,0
7,70,1016.7,1,25.5,0
7.2,73,1016.4,2,24.8,0
7,76,1015.8,3,25.9,0
7.2,78,1015.2,5,25.5,0
5.8,75,1015.6,7,25.8,0
7.4,43,1017.4,3,25,0
7.8,30,1018.5,1,23.5,0
12.4,11,1019.2,1,21.6,0
11.6,13,1017.3,1,21.5,0
9,48,1017,0,24.4,0
5.8,53,1016.7,1,26.5,0
8,57,1017.3,1,24.8,0
7.4,69,1017,1,23.7,0
8,67,1016.4,1,24,0
7,73,1016.2,2,23.7,0
10.4,32,1016.9,2,22.8,0
11.4,20,1018.6,2,21,0
7.8,16,1018.3,1,21.5,0
9.4,14,1016.4,1,21.3,0
8,17,1016.5,1,20.9,0
8.4,21,1017.6,1,22.4,0
7.6,33,1017.5,0,20.7,0
6,34,1016.3,0,21.8,0
5.8,30,1015.7,0,22.3,0
10.6,33,1017.1,0,22.1,0
6,62,1016.7,0,20.4,0
5.6,48,1015.7,2,23.8,0
6.8,66,1016,1,23.6,0
7.6,29,1015.9,1,25.2,0
9.6,48,1015,0,24.3,0
7.6,47,1015.4,1,24.5,0
7.2,56,1015.8,0,24.2,0
8,66,1015.7,0,25.2,0
8.2,68,1015.1,0,25.3,0
7.2,65,1015.6,2,25.4,0
6.4,63,1015.5,3,26.2,0
6.2,79,1016.7,6,23.2,0
6.2,55,1014.1,7,26.5,0
7,56,1014.8,1,26,0
6.2,70,1015.2,6,25.1,0
6,69,1016.4,0,25.6,0
8,74,1017.2,1,25.8,0
6,72,1016,0,26.5,0
7.2,59,1015.4,1,27.4,0
7.8,67,1015.2,1,27.1,0
8.4,69,1015.4,3,27,0
6.4,78,1015.8,1,26.7,0
6.4,64,1014.1,5,27.3,0
7.8,63,1014.1,2,27.4,0
6.8,64,1013.9,2,28.1,0
7.8,68,1014.6,2,27.1,0
7.2,54,1016.6,5,28,0
8.8,57,1015.8,3,27.9,0
10.4,70,1015.3,5,27.7,0
9.2,69,1015.2,2,27.4,0
7.2,70,1015.7,1,27.3,0
6.4,69,1014.7,3,27.8,0
8,70,1015,5,27.9,0
5.8,65,1014.8,2,28.1,0
8,67,1014.4,1,28.4,0
5.4,73,1015.2,6,28,0
7,66,1014.8,2,29,0
7.8,50,1013.6,1,29.5,0
7.8,58,1014.6,1,28.7,0
6.2,60,1014.6,3,28.4,0
7,62,1014.1,3,28.6,0
7.4,69,1013.2,7,28.8,0
6,65,1013.3,2,27.8,0
6.8,56,1014,1,28.8,0
8,62,1013.8,4,28.8,0
7.6,63,1012.9,1,28.7,0
7.2,58,1012.3,1,29.6,0
6.6,60,1013.3,4,30.1,0
6.2,52,1012.8,3,30.8,0
10.8,69,1013.4,4,28.9,0
7.8,62,1012.9,2,29.2,0
7.6,62,1014.6,1,28.9,0
7.4,69,1014.6,3,29,0
8.6,81,1014.7,7,25.1,9.4
3.8,64,1014.6,1,29.7,0
7,61,1014.2,1,29.6,0
8.6,47,1014.2,1,29.4,0
7.6,62,1014.2,1,29.4,0
8.8,70,1014.8,2,29,4.4
7.4,58,1015.7,1,29.4,0
7.6,60,1014.6,1,29,0
7.8,56,1014.5,1,29.5,0
10,61,1015.7,1,28.9,1
8.6,47,1014.9,1,29.9,0
7.2,61,1013.1,1,29,0
8.6,64,1012.2,4,29,0
6.6,59,1012.8,2,29,0
7.4,71,1011.6,2,28.5,0
10,52,1011.4,1,29.4,0
10.6,64,1012.4,1,29.4,0
8.6,61,1013.1,2,29.2,0
7.6,58,1013.1,3,30.3,0
7.8,69,1013.5,8,29.8,0
7.6,85,1014,7,25.2,5.6
7,71,1014.1,7,27.3,20
6.6,71,1012.8,6,29.7,0
5,63,1013.9,4,29.9,0
6.8,59,1013.5,2,30.8,0
7.8,56,1012.7,1,30.6,0
7.8,66,1011.5,1,30.2,1.4
8.4,60,1011.5,1,30.4,0
8.8,64,1011.4,2,29.6,2.4
7.2,60,1012.2,2,30,0
8,67,1012.9,3,29.9,0
8.2,71,1012.4,7,29.5,4.8
5.2,63,1011.3,3,29.9,7.4
8.6,57,1012.3,1,30.1,0
8.4,70,1013.7,5,30.1,0
7.8,65,1012.1,6,30.9,0
8.4,62,1011.9,4,31,0
6.8,66,1012,6,30.4,0
7,59,1011.8,6,31,0.2
7.6,61,1011,3,30.1,0
8.6,69,1009.4,7,29.6,0
6.6,78,1009.1,7,28,13.8
4.4,63,1009.9,7,30.6,4.6
6.2,96,1010.7,8,25,104.8
2,67,1009.5,6,30.3,0.6
3.4,69,1008.3,7,30.3,0.2
5.2,69,1008.5,5,30.6,0
6.8,67,1008.4,4,30.5,0
7.6,76,1010.2,7,29.1,0.4
7.4,61,1010.4,7,30.8,0.2
8.8,76,1009.6,7,29.8,0.8
6.8,60,1008.7,7,31.5,0.6
9.4,74,1007.4,7,29.7,25.4
5.2,71,1008.8,6,31.1,0.6
6.2,66,1009.8,7,30.9,0.8
4.2,72,1010.1,7,30.5,12
3.8,75,1010.8,7,28.9,4.2
7,67,1011,7,29.8,0
7,66,1010.7,4,31.2,0
8.8,71,1009.9,7,31,0
4.2,69,1009.6,7,31.4,3.8
8,65,1008.9,5,32.2,0
9.2,70,1007.9,7,31.3,0
6.2,73,1009.4,7,31.2,0
6,70,1010.7,7,31.3,0
9,85,1010.2,7,26.7,29
8,77,1009.9,7,29.8,0
5.4,79,1009.5,7,27.7,0
7.2,79,1010.1,7,28.8,0
6.6,91,1009.5,7,26.5,15.6
4.4,76,1008.2,7,29.9,0
6.2,64,1006.5,7,31.6,0.8
5,77,1007,7,28.6,0
5.4,79,1008.3,8,29.1,0
6.2,77,1008.1,7,29.1,0
3.6,93,1008.3,7,25.5,3.2
5.4,83,1008,7,27.8,13.6
5.4,98,1008.3,8,23.8,129.4
3.2,91,1007.5,8,26.9,44.6
1.4,86,1006.9,8,27.9,5.8
3.6,93,1006,8,26.2,30.6
1.2,80,1006,7,28.8,0.6
3.2,86,1005.3,7,28.6,4
6.2,84,1005,8,26.3,9.2
4.8,83,1005.8,7,29.1,6
5,84,1004.5,8,27.7,5
7.4,79,1004.3,7,29.2,29.4
7.6,74,1006.8,7,29.6,25.2
3.2,73,1007.9,7,29.7,5.6
6.4,76,1007.6,7,30.2,0
6,79,1007.8,7,29.3,0
5.2,83,1007.2,7,26.3,25.2
4.8,93,1008.7,8,23.9,23.2
1,89,1008.6,7,25.8,2.2
5.6,76,1010.5,5,29,8.8
7,75,1011.4,3,29.5,0
6,76,1012.8,7,29.2,0.6
5.6,74,1011.7,7,29.6,0
6.8,77,1007.8,7,30,0
8,88,1007.1,7,25.2,4
3.8,83,1007.5,7,29.3,13.6
6.2,91,1010.2,7,27.4,7.8
0.2,83,1009.2,6,29,31.6
4,85,1008.1,7,28.8,6
2.8,78,1006,5,28.3,11.4
5.8,78,1007,4,28.4,30.2
6.8,68,1008.7,7,28.8,7
5.6,84,1009,4,26,17.6
4.6,73,1009.1,7,29.6,0
4.8,81,1009.3,7,29.7,10.4
8.4,83,1009.6,3,29.7,24.2
4.8,77,1010.1,7,29.8,0
6.4,80,1009.6,5,29.5,0
6.4,71,1010.9,6,30.1,0
7.2,87,1012.4,6,27.9,0
4.6,71,1012.3,1,29.8,0.2
7.6,86,1011,7,27.2,34
8.2,80,1009.6,7,27.5,36.6
7.6,65,1010,5,28.5,3.8
5.4,79,1009.1,7,28.6,0
6.6,80,1009.1,2,29.1,13.2
8,80,1009.5,7,26.3,30.2
5.6,86,1010,7,28.2,8.6
6,76,1007.7,7,30.1,0
7.8,80,1006.3,7,30,0
5.6,83,1005.7,7,30.6,1.6
9.2,92,1005.4,8,24.1,49.2
4.8,74,1005.8,7,27.8,46.4
5.4,76,1008.9,7,29.5,2.6
2.8,94,1011.4,7,26.1,4
4.6,84,1011,7,28.3,10
2.8,92,1010.8,7,28.1,2.2
4.4,82,1009.1,7,28.8,0
5.8,83,1007.9,7,29.1,1.8
5.2,80,1007.5,7,29.5,0
4.2,91,1006.6,7,28.5,6
3,88,1006.1,8,26.5,34.8
3.6,83,1008.3,5,28.9,6.8
5,83,1009,1,28.9,5.8
5,77,1007.8,7,29.3,0
5.6,81,1007.7,7,27.4,3
3.2,80,1010.3,7,29.7,0
6.8,73,1010.1,5,30.6,0
5.6,77,1009.7,2,30.1,3.6
6.6,73,1010.4,3,30.5,0
5.8,75,1010,5,30.5,0
7.8,77,1008.8,3,30.4,22.2
6.8,80,1009.8,7,30.2,0.8
7,77,1011.3,7,30,0
4.4,76,1011.3,3,30.3,17
6,77,1010.3,3,29.5,2
6.8,73,1010.2,3,30.2,0
6.6,77,1011.8,3,30.4,0
4.8,76,1013.1,3,29.4,15.2
6.2,75,1011.8,2,30,0
4.8,54,1010,6,28.6,0
5.8,82,1010,7,25.5,0.8
5.4,80,1011.8,3,28.6,1.6
3.6,77,1012.9,3,28,2.2
3.8,75,1013.1,7,28.7,0
6.8,74,1013.1,1,28.9,0
6.4,73,1013.3,6,29,0
8,73,1012.4,2,29.9,0
4.6,75,1010.2,2,29.8,8.4
4.8,73,1010.2,7,29.9,0
6.6,71,1010.3,7,29.9,0
5.8,74,1009.8,7,30.5,0.4
6.6,74,1009.9,7,30.5,0
3.4,86,1012,7,26.4,7.4
7.4,45,1012.2,2,26.8,0
9.2,58,1012.2,3,27.7,0
6.8,56,1011.8,3,28,0
5.4,71,1012.8,1,30,0
6.4,70,1012.7,1,30.4,0
4,93,1013,7,25.3,1.6
5.2,76,1014.2,7,28.6,0
6.8,66,1013.2,7,28.7,0
6.8,75,1012.2,5,28.7,0
5.4,76,1012.4,2,29.1,3.2
6.2,66,1012.3,7,27.4,0
10.2,45,1012.3,7,26.9,0
8.6,50,1012,8,25.9,0
5.6,74,1011.4,6,27.5,0
8,69,1010.9,7,28.8,0
6.4,67,1010.9,6,28.3,0
6.2,41,1013,5,25.6,0
8.6,38,1014.3,7,24.8,0
7,42,1013.5,7,23.9,0
7,39,1014.6,7,25.4,0
7.4,46,1013.8,3,24.4,0
11.4,40,1014,1,25.2,0
6.6,42,1013.7,3,26.1,0
6.8,72,1014.1,6,25.1,0
6,69,1013.2,6,25.4,0
4.6,68,1012.2,6,26,0
5,71,1012.4,2,27.6,0
4.6,76,1014.8,1,27.8,0
8,35,1013.8,1,24.3,0
6.2,55,1015.3,1,26.5,0
7.6,58,1015.4,0,27.3,0
6.8,43,1015.9,1,24.4,0
10.6,18,1018,0,20.2,0
9.4,26,1015.7,1,19.6,0
6.2,45,1014.9,1,23.5,0
4,66,1014.5,3,26.8,0
7.4,76,1015.1,1,27.6,0
6.4,68,1015.6,1,28.4,0
4,77,1016.2,1,28.1,0
4.6,78,1015.8,1,27.5,0
6.6,50,1016.7,0,24.5,0
6.8,41,1015.9,0,22.8,0
8,44,1016.9,3,25.6,0
5.6,58,1016.3,1,27.3,0
5.2,73,1014.6,6,27.6,0
7.4,72,1014.1,7,27,0
5.4,69,1014.6,2,26.6,0
6.8,65,1013.8,7,27,0
3.4,85,1013.2,7,24.9,13.8
1.8,75,1013.1,7,26.7,0.4
5.8,60,1014.4,3,27.7,0
7.6,56,1014.1,3,26.4,0
8,36,1015.5,1,23.5,0
10,44,1014.9,3,25.6,0
8,50,1015,0,25.2,0
7,65,1013.9,1,25.6,0
6.6,65,1014.4,6,25.4,0
6.6,54,1014.2,5,24.9,0
6.4,54,1014.1,6,27.4,0
5.4,60,1013.6,1,25.2,0
5.4,65,1013.3,1,26.4,0
5.6,72,1013.7,4,26,0
5,79,1013.8,3,26.2,0
4.2,76,1013.1,1,27.5,0
6.2,74,1012.8,1,26.3,0
4.8,66,1013.3,1,25.7,0
7.2,45,1014.9,1,24.9,0
10.8,28,1015.8,2,22.3,0
7.4,30,1015.1,6,22.1,0
4.8,35,1015.5,0,22.1,0
7,65,1015.9,1,24,0
4.6,68,1016.4,0,25.9,0
5.2,49,1018.6,1,24.2,0
9.8,23,1019.2,2,21.6,0
10.6,38,1019.1,1,21.9,0
6.8,46,1019.3,1,23.7,0
5.2,55,1017.9,1,24.5,0
6,67,1017.7,1,24,0
6.2,66,1018.3,2,24.7,0
7.4,55,1017.6,6,25.8,0
6.4,52,1016.7,6,25.4,0
7.2,40,1015.8,0,23.1,0
6,48,1015.3,1,22.3,0
6,63,1013.9,3,24.5,0
7,64,1013.9,6,24.9,0
7,68,1014.2,7,24.3,0
5.8,59,1015,3,24.1,0
6,84,1016.8,1,23.9,0
6.8,77,1017.3,0,25.1,0
5.6,75,1017.8,0,24.4,0
7.6,41,1019,0,22,0
9.4,27,1017.6,5,18.4,0
6.8,31,1017.1,0,20.2,0
6.2,27,1017.5,1,20.3,0
8.6,33,1018,0,19.8,0
6.2,32,1018.1,1,19.1,0
6.8,32,1017.1,1,19.4,0
8,41,1017.1,1,22.1,0
5,43,1017.5,0,24.1,0
6.6,56,1018,0,23.4,0
5.2,71,1017.5,0,23.6,0
8.4,80,1017.7,2,23.4,0
3.8,71,1017.4,1,26.4,0
5.8,76,1017.5,1,25.9,0
5.8,72,1018.1,7,25.8,0
8,32,1018.4,0,23.8,0
8.2,44,1018.2,1,23.3,0
8,50,1016.8,0,25.5,0
5.6,46,1016.1,1,25,0
8,69,1016.1,0,25.1,0
6.6,69,1017.2,1,25.6,0
6.4,65,1016.9,0,26.1,0
5.8,76,1017.2,3,23.8,0
9,28,1016.5,3,21.6,0
8.4,23,1016.8,3,20.3,0
7.4,36,1016.7,3,23.7,0
8,38,1016.4,1,25.8,0
7,64,1015.9,1,24.1,0
6.4,65,1017,3,24.1,0
6,73,1018.1,5,24.3,0
5.6,74,1016.8,3,24.7,0
5.6,73,1017.3,1,25.2,0
7.2,70,1017.8,1,24.8,0
5.6,48,1018.9,0,24.6,0
9.2,64,1018.2,5,25.5,0
7,66,1017.6,1,22.8,0
8.2,65,1016.9,1,24.8,0
6.2,58,1017.1,0,24,0
7.4,61,1016.7,1,24.4,0
6,77,1016.7,6,24.3,0
6,77,1017.8,3,24.7,0
4.6,78,1016.9,3,25.3,0
4.2,75,1016.9,5,26.1,0
5.8,79,1016.9,5,26.2,0
6,75,1016.8,7,26.6,0.2
7.2,67,1016.2,7,26.1,0
4.6,67,1016.7,1,26.6,0
7.4,76,1016.9,1,26.7,0
6.4,73,1016.5,1,26.9,0
5.8,73,1015.6,3,27.7,0
5.6,75,1015.5,2,27.3,0
7,68,1016.4,1,27.4,0
8,65,1016.7,0,28,0
7.4,64,1017.3,1,27.5,0
5.4,70,1017.3,1,27.7,0
7.4,71,1017.3,1,27.4,0
6.2,62,1016.3,2,27.7,0
5,61,1016.7,1,26.8,0
7.2,61,1017.7,0,26.4,0
7.4,28,1019.1,5,26,0
11.6,65,1017.7,0,26.2,0
10.2,58,1017,1,27,0
8.6,61,1016.7,3,27.6,0
8.6,64,1016,3,27.8,0
6,65,1014.4,1,28.7,0
6,66,1015,6,28,0
7.8,67,1015.6,4,27.6,0
8,72,1016.6,1,27.4,0
7.4,58,1015.9,1,28.8,0
7,37,1014.9,1,29.7,0
8,51,1014.9,1,28.9,0
8,51,1015.2,4,28.3,0
10,68,1015.3,1,27.3,0
6,66,1014.5,2,28.3,1.6
8,78,1015.5,7,24.6,1.8
3.8,72,1015.6,7,26.9,0
5.6,59,1014.6,6,27.5,0
6.4,55,1014.9,2,28.3,0
7.6,65,1015.6,2,27.9,0
7.8,63,1017.1,1,28.7,0
6.6,70,1018.8,2,27.9,0
7,60,1019.1,0,27.7,0
10.6,48,1019,1,27.9,0
10.6,56,1018.7,1,28.5,0
6.4,62,1017.3,1,28.3,0
4,71,1016.1,1,27.3,0
5.8,61,1016.5,2,28.4,0
7.4,57,1017.5,1,29.1,0
8,59,1017.2,1,28.4,0
8.4,62,1017.2,3,29,0
8,65,1017.4,2,28.8,0
5.6,62,1015.8,1,29.1,0
7.6,60,1015.9,2,28.6,0
9,65,1014.6,4,28,0
7,60,1016.2,2,28.9,0
7.2,61,1016.6,1,28.9,0
9,61,1015.8,2,28.7,0
8,55,1015.4,1,29,0
8.4,58,1015,1,29.6,0
9,64,1015.3,3,29.4,0
6.8,56,1014.8,1,30.6,0
9.2,55,1015.2,1,30,0
10.4,62,1015.1,2,29.6,0
6.8,64,1014.9,5,30.1,0
8,60,1015.7,4,30.1,0
7.6,60,1014.5,1,30.2,0
7,64,1014,2,30,0
7.4,72,1014.1,7,29.4,0
7.4,67,1013.2,3,29.3,0
7.4,68,1013.3,2,28.8,0
8,60,1013.2,2,30.5,0.2
6.4,71,1012.4,5,29,0
8,75,1012.4,7,28.8,0
4.4,62,1011.8,4,30.7,0.4
6.8,67,1012.9,7,30.1,0
6.6,58,1012.3,3,31,0
8.4,67,1011,4,31.6,0
9.6,61,1010.2,1,31.1,0
9.4,64,1010.4,1,31.5,0
12.6,59,1012.3,2,30.5,5.4
7.4,68,1012.5,3,30.3,0
9.4,67,1010.5,2,30.6,0
12.6,75,1010,7,26.5,44.6
4,59,1010.5,4,30.4,0
6,72,1011.6,6,30.2,0.6
7.4,75,1011.7,2,30.6,0
6.4,55,1012.8,1,31,0
9,71,1011.6,3,30.4,5
8,61,1011.4,3,31.2,0
7.2,60,1011,1,31,0
8.6,50,1010.7,1,31.8,0
8,64,1010.7,3,30.5,0
11.2,65,1010.7,2,31.8,0
8.6,68,1011.1,6,31,27.4
8,82,1012.3,8,26.2,0
5,71,1011.4,4,31.1,0
7.6,64,1009.9,5,29.4,0.6
5.2,77,1009.5,7,30.1,1.2
5.8,62,1009.5,7,30.5,1.8
5,68,1012.7,6,29.3,0
7.4,69,1011.8,7,30.3,0
5.2,65,1012.2,7,31,0
4.6,69,1012.3,5,29.9,0
8.4,65,1012.4,2,31.3,0
7.6,75,1013.6,7,28.7,0
6.8,88,1012.7,8,26.2,25.8
5.2,69,1012.4,4,30.5,0.4
5.8,62,1011.9,7,30.9,0.4
8.2,73,1010.5,7,30.5,13.2
5.4,74,1010,7,28.8,0
7.4,75,1009.3,7,29.3,0
1.6,76,1008.4,5,30.3,8.6
3.8,76,1007.9,7,29.9,11.8
2.4,80,1006.7,7,29.1,2.4
4,83,1006.7,7,28.3,8.6
2,85,1008.2,7,27.6,16.8
6,84,1005,8,27.4,49.4
9.6,99,1001.1,8,24.4,122.8
6.8,93,1002.3,8,25.7,70.8
3.6,70,1004.3,8,28.2,4.6
5.6,94,1006.9,8,24.2,43.2
3,79,1009.7,8,26.2,0.4
6,76,1008.8,7,29.1,0
3.8,73,1007.3,4,30,15.6
8.8,78,1009.9,1,29.4,0
7,71,1010.6,2,29.8,0
8.2,75,1010.6,3,29.7,0
7.6,73,1011.3,3,30.1,0
6.2,76,1012.6,3,29.7,0
7.6,72,1013.1,2,30,0
7,69,1012.2,4,30.3,0
8.2,73,1012.3,4,30.2,0
3.2,81,1013.6,5,29.4,20
5.4,74,1014.1,5,30.9,0
2.8,70,1013.2,1,29.8,20
8,75,1013.3,4,30.2,0
8,76,1013.8,6,27.4,0
7,71,1012.5,3,29.5,0
4.4,80,1011.3,3,29.1,7.2
5.4,68,1010.5,3,30.6,0
4.8,70,1011.5,5,30.3,4.8
3.2,68,1011,2,30.5,0
6.4,66,1012,2,30.5,0
7,70,1013.1,5,30.7,1
1.8,84,1011.9,7,28.9,4.2
4.8,81,1011.4,6,26.9,10
3.6,73,1011.7,4,30.5,0
8,86,1011.3,7,25.2,20.8
7,79,1010.4,7,29.6,16.4
7.4,81,1010.9,6,29.5,21.8
4,75,1011.3,7,30.1,0
7.8,82,1011.4,7,28.3,0.2
6.8,81,1009.5,8,28,3.8
4.8,77,1008.6,7,28.7,0.2
1.6,96,1009.4,8,24.4,39.4
2.4,86,1009.2,7,26.3,4.6
6.4,76,1008.8,6,30.2,11.6
3.4,82,1009.1,8,29.1,5.4
5.4,88,1009.7,7,27.7,2.4
2.6,79,1008.8,7,28.5,0.2
4.4,81,1009.3,7,27.1,7.8
7,76,1008.3,3,30,0
4.8,75,1009.2,4,30,0.8
5.2,73,1009.4,6,30.4,0
5.8,72,1008.2,5,30.9,0
7.8,76,1008,6,29.3,2.2
6.6,74,1009.4,5,28.9,9.8
6.4,91,1010.4,7,26.8,0.4
7.2,78,1009.1,1,30.8,9.6
7.2,73,1010.5,2,30.5,5.2
9.2,77,1011.1,3,28.6,17.2
7,77,1010.9,5,30.5,0
7.8,80,1009.8,5,30.1,0
7.2,77,1010.8,7,30.3,0
6,80,1012.3,4,28.3,8.2
7,75,1013,8,29.4,0
7.4,73,1013.6,3,31,0
7.4,71,1012.2,2,30.3,0
8.6,72,1010.4,6,30.8,3.2
7.6,88,1011.1,7,26,40.4
4.4,79,1011.5,6,30.4,0.8
6.4,82,1011.2,7,28.4,17.8
2.8,82,1011.9,5,29.4,2.8
6,77,1012.1,3,30.2,0
8,75,1012.4,2,30.6,0
7,72,1012.7,2,30.5,0
8,74,1013.5,7,30.5,0
6.6,74,1011.1,7,31.3,0
9.6,82,1010.6,7,28.9,0
6.7,76,1010.3,7,31.4,0.4
4.4,78,1009.8,2,28.1,28.6
5.6,75,1009.7,3,30.4,1.2
7.2,80,1010.2,7,28.3,0.4
4.4,83,1012.8,7,29.3,0
4.4,85,1011.1,8,28.3,1.6
4.8,76,1009.8,6,28.8,6
6,75,1009.3,7,30.5,0
6,75,1008.4,6,29.6,1.6
7.2,88,1006.7,7,27.5,2.4
4.8,83,1005.3,7,28.9,20.8
1.4,82,1007.1,7,29.7,3
3.6,79,1007.5,6,31,0
5.4,78,1008.8,7,30.7,1.8
3.8,87,1009.8,7,28,8
5.8,83,1011.2,6,30.2,0
5.6,77,1012.8,3,30.9,0
4.4,74,1012.6,4,29.9,9.8
7.2,82,1013.6,7,28.1,13.8
3.2,70,1014,7,30.5,0
1.8,80,1013.6,3,29.7,0.2
8,70,1014.7,1,30.2,0
9.8,70,1014.1,5,30.7,0
6.4,68,1013.2,7,30.4,0
6.2,84,1012.4,7,25.9,4.8
7.2,75,1014,7,29.3,21.4
4.8,67,1013,1,30.7,0
5.2,82,1011.8,5,29.7,4.2
5.8,79,1011.7,7,29.4,0
5.8,77,1012.8,3,30.1,0
7.6,72,1013.5,3,27.2,13.8
6.4,75,1012.6,5,29.9,0
5.4,66,1012.2,5,30.2,0
5,72,1012.6,1,30.1,0
9.2,70,1012.6,3,29.3,0
6.8,63,1012.9,4,30.3,0
9.8,80,1011.7,5,28.8,0
5.6,84,1012.3,7,27.8,1.6
6.4,79,1013.3,7,27.1,0
5.6,72,1012.1,3,30.2,0
6.2,76,1012,1,30.4,0.4
5.2,76,1012,6,27.2,0
4.4,83,1012.6,3,27.8,0
4.8,68,1013.8,3,28.8,0
5.2,65,1013.1,1,29.9,0
6,68,1012.6,1,30.1,0
8,63,1012.4,5,29.8,0
8,52,1012.6,5,29.6,0
9,57,1012.7,1,29,0
8,77,1011.7,4,27.1,0
4.6,74,1011.7,4,28.8,0
4.2,75,1011.5,2,28.8,0.2
6.2,75,1012.5,2,29.6,0
4.4,75,1012.8,6,29.3,0
5.8,83,1012,7,28,4.8
7.4,75,1011.8,8,28.5,0
4.2,73,1012,7,28.7,0
7.8,80,1012.9,5,28.4,47.4
4,75,1012,2,28.6,4.6
4,72,1011,4,29,0
4.8,74,1009.9,8,29.7,0
4.2,82,1011.3,2,29.4,3
5.2,77,1011.4,3,29.7,0
4.8,81,1012.2,6,27.6,0.8
6.8,72,1013.4,7,27.8,0
8.8,44,1012.3,1,24.5,0
8.2,54,1012.9,1,26.9,0
7.8,55,1013.2,1,28.7,0
9.2,46,1012.7,1,28,0
6.4,61,1011.9,0,28.3,0
6.6,58,1012,2,29.1,0
3.8,75,1012.3,1,28.8,0
6.8,73,1011.5,2,29.1,0
6.6,60,1011.2,1,28.8,0
5.8,70,1011.9,0,28.1,0
5.8,76,1013.9,6,27.4,1.8
4.8,75,1013.3,0,29.1,0
7.4,63,1013.7,5,28.5,0
5,78,1013.2,2,28.8,0
0.6,78,1014.1,1,28.3,0
6,79,1014.5,1,29,0
8,68,1014,1,29.9,0
5.2,79,1013.8,5,26.9,0
4.8,78,1014,2,27.6,0
6.2,70,1014.5,1,28.4,0
6.4,70,1014.6,2,28.2,0
6,69,1013.8,6,28,0
6.8,75,1014.4,1,28.5,0
1.6,74,1013.4,1,29,0
4.8,81,1012.9,6,29.1,0
6.6,74,1013.9,1,28.7,0
5.6,69,1013.6,1,28.8,0
6.6,83,1014.1,3,27.6,0
6.4,73,1014.4,3,28.8,0
4.6,71,1015.9,2,28.1,0
6.8,60,1016.8,5,26.6,0
7.2,41,1017.6,2,25.6,0
10.4,33,1016.2,0,23.7,0
9.8,56,1014.7,0,26.1,0
8.8,63,1014.4,1,26.5,0
6,64,1013.9,0,26.7,0
5,72,1012.8,7,27.2,0
5.4,75,1012.7,1,26.3,0
5.2,63,1011.8,0,26.1,0
8,51,1012.4,1,25.3,0
8,38,1012.4,1,24.6,0
9.4,40,1013.2,1,23.6,0
8,47,1012.6,6,23.9,0
6,57,1012.4,5,25.8,0
4,63,1013.3,5,26.2,0
5.6,83,1013.9,8,25.8,0
7.2,69,1013.6,1,28.4,0
5.2,72,1014.7,0,26.9,0
9.4,52,1016.7,0,25.1,0
6.6,50,1016.4,0,26.2,0
5.6,52,1016.2,6,25.3,0
6.6,54,1017.3,1,24.3,0
7,33,1016.8,1,23.7,0
6.2,59,1015.8,0,25.8,0
7.2,67,1015.5,1,25.1,0
6.8,72,1015.7,0,23.7,0
8.8,48,1015.8,1,24.6,0
6.8,42,1015.3,5,24.3,0
6.6,49,1014.8,2,23.4,0
5.6,77,1014.6,1,25.6,0
2.6,81,1014.2,1,25.4,0
4,74,1013.9,2,26,0
4.4,84,1014,6,24.8,0
7.6,56,1016.6,4,21.6,0
8.2,57,1017.2,0,17.5,0
8,52,1017.1,3,18.4,0
8,41,1016.4,0,19.9,0
5.4,45,1014.3,0,20.4,0
5,55,1014.1,1,23.2,0
9,56,1015.4,3,23.6,0
7.6,78,1014.6,0,23.6,0
8.2,69,1013.8,1,23.7,0
6.6,71,1013.4,1,26.3,0
6.6,72,1013.7,0,26.9,0
4.6,73,1013.8,2,26.2,0
5.8,66,1014,1,26.7,0
7.6,64,1015.4,2,24.7,0
8.8,32,1016.6,1,23.3,0
8.6,45,1014.5,1,23.8,0
8.2,34,1014.3,1,22.8,0
8,39,1013.5,1,23.8,0
6.8,60,1013.1,1,24.4,0
4.6,59,1012.3,0,25.1,0
8,25,1013.6,1,24.3,0
11.6,20,1014.9,1,20.5,0
7.2,23,1016.2,1,19.7,0
7.6,48,1016,2,21,0
8.2,52,1015.5,1,22.5,0
6.8,68,1016.3,7,23,0
5.2,69,1016,5,25.6,0
8,67,1015.8,1,26,0
10.8,73,1015.9,1,26.1,0
6.2,70,1016.2,0,26.2,0
7.4,68,1015.9,0,26.5,0
7.2,63,1015.9,2,26.7,0
8.8,34,1015.6,0,26.4,0
8.6,48,1015.3,0,24.3,0
10.4,67,1014.4,0,26.6,0
7.2,74,1013.1,4,26.4,0
5.6,77,1012.6,6,26,0
4.8,68,1013,2,27.2,0
7.2,71,1012.6,2,26.4,0
7,76,1011.2,3,25.6,0
7,66,1011.3,6,27,0
8,60,1011.7,2,28,0
7,51,1012,3,27.5,0
9.6,71,1014.2,1,27.1,0
6.6,37,1015.9,1,27.8,0
7.6,68,1016,1,26.7,0
7.6,65,1015.1,0,26.4,0
4.8,72,1016.2,3,27.7,0
4.2,71,1016.1,3,27.5,0
9.2,75,1013.7,5,28.2,0
7.2,73,1012.2,6,28.5,0
6.8,74,1012.3,4,28.5,1.8
6.2,66,1014.6,2,28.5,0
4,47,1016,1,28.3,0
8,55,1015.8,1,29.2,0
8.6,66,1016.1,4,28.5,0
7.2,68,1014.9,3,28.7,0
7.4,64,1014.4,3,28.9,0
6,66,1013.2,1,28.9,2
7,63,1012.4,1,29.8,0
8,71,1012.9,3,28.8,0
7.4,66,1013.6,3,28.9,0
7.2,66,1013.7,2,28.9,0
5.6,59,1013.5,2,29.3,0
6.6,69,1013.6,5,29.6,0
7.6,73,1012.7,1,28.2,7.2
4.4,90,1011,7,25,33.4
3,76,1012,3,28.6,0.6
5.8,69,1012.9,3,29.6,0
6.8,70,1012.7,5,28.1,0
5,68,1012.4,7,28.9,0
5.2,68,1011.6,4,29,8.6
8,74,1010.2,3,29.4,0
7.2,68,1011.3,6,30.5,0
6.8,67,1012.4,3,29.9,0
7.4,75,1011.9,5,29.3,0
7.4,71,1010.3,5,29.9,0
6.6,78,1010.6,7,29.2,3.6
3,71,1011.9,6,29.9,9.8
7.6,70,1012.6,4,30.2,0
9.2,77,1011.9,5,29.7,0
5.8,76,1012,6,27,13.8
6.4,82,1012.7,7,26.6,2.4
8,40,1013.3,6,28.7,0
8,60,1014.1,4,29.9,0
8,64,1014.8,1,30.1,0
10.4,66,1014.1,4,29.4,5.4
7.2,63,1013.2,1,30.1,0
6.6,68,1012.3,2,29.7,4.6
4.6,72,1011.9,2,30,12.2
8.8,69,1013,2,30,2
6,64,1012.6,3,29.5,0
7.6,55,1012,4,31,0
7.4,61,1012.5,4,29.9,0
7.4,59,1010.5,1,30.1,0
8,66,1012.1,5,30.3,0
6.2,62,1012.3,3,30.6,0
7,65,1011.9,8,29.6,17.4
2.8,68,1012.4,4,30,5.2
9.2,88,1014.8,8,24.5,23.6
2.6,64,1013.3,6,26.3,0.4
7.2,60,1011.6,1,29.3,0
7.6,72,1012.2,6,27.9,0
6.8,80,1013.4,4,27.9,8.2
6,75,1012.8,2,29.2,18.2
5.8,66,1011.7,7,30.1,6
3.4,69,1011.4,3,30,0.8
5.4,62,1012.4,3,30.8,0.8
8.4,62,1011.3,4,30.6,0
6.6,69,1010.5,5,30,0
5.6,67,1010.1,6,29.7,2.2
7.8,67,1010.8,2,30.7,0
5.2,65,1011,1,31.3,0
6.2,65,1011,3,31.5,0
7,79,1011.9,7,30.4,25.6
0.4,70,1011.9,4,31.2,2.4
9.8,68,1011.3,5,31,0
8,73,1011.4,4,31.2,0
6.2,73,1011,5,30.7,0
8,62,1011.2,6,31.7,0
8.8,68,1010.5,3,31,0
9.8,84,1011.3,7,26.7,0.4
5.2,64,1011.9,2,30.6,0.6
5.4,59,1011.5,4,31.5,0
11.4,58,1011.2,2,31.1,0
9.2,63,1010.1,7,29.9,18.2
3.6,69,1009.4,3,30.6,11.4
11.6,91,1011,8,24.3,41
5.2,83,1011.1,7,25.2,0
4,67,1009.7,6,30.1,0
1.2,71,1009.6,7,29.1,0.2
6,66,1008.9,1,30.3,0
0.4,72,1010.3,4,30.2,0
7.2,76,1010.1,7,30.2,0
4.8,68,1010.7,7,31.7,0.8
7.4,75,1009.3,2,31.3,22
7,78,1009.5,6,27.6,0
6.6,66,1009.6,5,28.8,0
4.4,67,1010.4,3,31,1.2
6.4,74,1010,2,31,7.4
5.2,76,1008.4,6,30.1,3.8
7.6,67,1008.5,7,31.3,0.4
4.8,68,1010.7,7,30.6,0
4.8,67,1009.4,2,29.6,0
3.2,69,1009.7,3,30.9,0.4
5.6,81,1009.6,7,29.2,8
6.2,77,1008.9,6,30.3,6.2
3.4,74,1008.2,7,30.9,2.4
16.2,89,1008.8,8,27.2,50.8
1.8,83,1008.2,8,27.7,0.2
3.6,93,1006,7,25.8,29.2
3.4,85,1001.6,5,27.9,10.4
0.6,96,1008,8,24.5,24.4
5.2,86,1007.9,5,27.5,37.2
4.6,79,1008.1,7,29.5,0
3,81,1008.5,6,29.4,0.6
4.8,85,1006.6,8,28,0
2.2,93,1006.8,8,26.9,25.2
4.2,79,1003.9,8,29.6,5.4
5.8,80,1005,8,29.2,9.8
4.8,86,1003.7,7,25.1,16.8
4.6,94,1000.7,8,26,20.8
6.6,79,1002.4,5,29.3,24
7.2,93,1005.5,6,25.5,5.4
3.4,76,1005.6,7,29.9,15.2
4.8,76,1005.1,7,29.9,0
8,77,1004.5,7,30,0
8,73,1004.6,7,29.8,0
5.6,75,1006.3,7,30.2,0.4
7.4,73,1006.8,5,30.1,0.2
4.2,74,1006.5,6,29.6,3
5.8,68,1007.7,5,30.8,0
5.2,66,1008.7,6,30.5,0
7,67,1010,3,30.1,0
7.4,74,1008.5,7,29.8,0
5.4,75,1008.9,7,29.2,1.4
6.8,68,1010.8,4,30.4,0.2
5.4,79,1010.3,7,27.9,3
6.8,93,1009.8,7,26.1,25.6
3.4,96,1011.3,7,24.4,23
1,79,1009.5,7,29.4,4
6.8,83,1007.8,8,27.5,15.2
1.2,83,1008,5,28.1,8.2
4.2,80,1008.3,6,29.1,16.4
4.8,79,1009.1,5,29,0
5.4,78,1009.3,3,28.3,10.2
7.2,78,1010.2,1,27.9,7.6
3,93,1009.2,8,25,13.2
2.6,84,1006.8,8,28.4,1.4
6.6,88,1007.3,7,26.8,10.8
8,78,1007.2,2,28.2,9
4,83,1005.3,6,28.5,6.4
1,87,1004.5,8,26.8,4.4
1,77,1005.4,5,29.6,6.4
3,86,1007.3,7,28.8,1.2
2,75,1007.8,7,28.7,7.2
1.8,77,1008.2,8,26.7,14.6
5.4,69,1010.5,5,28.9,5.8
7.2,70,1010.9,7,29.2,0
7,75,1010.5,6,29.1,0
4.4,74,1010.8,7,29.3,0
7.2,79,1010.5,7,28.4,0
6.4,81,1008.9,8,28.7,0.2
6,74,1009.7,7,27.6,11.8
4,78,1012.1,3,29,0
7.8,75,1011.7,1,29.2,0
7,73,1010.2,1,29.3,0
7.6,79,1011.4,7,29.4,0
3.6,82,1011.7,6,28.4,0
4.8,81,1008.8,5,27.3,15.4
4.4,79,1008.8,6,28.3,21.4
4.8,70,1009.7,3,28.3,0
6.6,76,1007.6,3,30.1,0
7,70,1006,2,30.4,0
10.6,75,1006,7,27.8,31.2
1.4,87,1005.2,7,25.9,32.2
8,82,1007.4,7,28.8,34.8
4.6,82,1008.6,7,28.9,0
4.8,86,1009.5,7,27.9,32.6
3.4,90,1010.9,7,27.3,8.4
3,79,1010.4,7,28.9,0
3.8,81,1009.7,7,28.1,3.6
5,82,1009.4,5,29.7,0
3.6,72,1010,3,29.1,11.2
6.4,83,1009.7,6,28,3.8
8,84,1008.3,7,27.9,18.4
4.8,83,1009.9,5,27.3,13.6
7.8,90,1009.5,6,28,33
9.4,91,1011.5,8,24.1,22
3.4,92,1008.9,7,26.5,33.8
3.6,85,1010.1,6,27.6,6.8
4,88,1010.4,7,27.6,20
3.2,82,1009.5,5,28,18
5.8,89,1007.9,7,26.7,17
3,90,1009.1,7,27.6,18.2
4,85,1011,5,28.2,0.4
2.8,77,1010.8,7,29.9,0.2
6,75,1009.3,3,30.1,0
9.4,84,1010.1,7,28.2,25.4
6.8,89,1011,7,25.8,9.4
3.6,74,1010.2,7,28.3,26.2
4.6,51,1010.3,2,27.6,0
7.2,49,1011.4,7,27.7,0
6.8,78,1011.3,7,27.7,0
5.2,62,1009.6,2,29.6,0
6.6,83,1009.7,7,26.8,24.6
7.6,81,1010.8,7,27.5,27.6
5.2,75,1011.1,6,29.4,0
5.4,65,1009.6,7,28,0
4.6,73,1007.6,6,26.6,1.2
6.4,95,1007.4,8,21.1,23.4
2,78,1011.9,5,27.7,3.4
4,80,1012.8,3,27.6,0
4,84,1012.2,3,27.2,0
4.4,77,1011.3,6,28.2,0
5.6,77,1011.7,5,29.3,7.2
2.6,83,1013,4,27.5,0
4.8,70,1013.1,1,28.9,0
6.2,80,1014,6,27.7,1.8
6.2,78,1013,1,28.9,0
5,70,1012.5,1,29.4,0
5.2,83,1011.9,4,27.9,0
4.8,79,1012.3,3,28.3,0
5.4,80,1011.7,3,28.6,0
5.4,72,1011,7,26.8,0
2.2,73,1011.4,8,25.5,0.2
1.6,78,1013.4,7,24.8,3.4
3,46,1013.1,2,25.6,0
6.6,55,1014.1,2,25.8,0
5,57,1013.9,2,27.2,0
4.6,76,1013.4,3,27.3,0
4,75,1013.9,1,27.8,0
5.6,74,1014.8,3,26.9,0
5.8,57,1014.6,1,27.3,0
6,68,1015.1,1,27.8,0
6.2,72,1014.8,1,28.2,0
6.8,57,1013.5,2,26.2,0
6.8,55,1013.8,1,25.8,0
8,44,1014.5,1,25,0
6.6,39,1014.6,1,25.1,0
7.4,47,1012.8,1,26.6,0
5.6,71,1012.7,5,26.9,0
3.4,64,1013.2,7,26,0
9.2,46,1013.3,2,25.2,0
5,78,1013.1,7,25.5,0
4.2,79,1012.3,2,26.5,0
1.6,71,1012.7,1,26.4,0
5,64,1011.9,1,27.2,0
7,64,1011,0,27.1,0.2
5,60,1010.7,1,26.3,0
4,75,1013.1,1,27.5,0
4.8,71,1013.3,6,28.7,0
9.4,60,1013.4,1,28.5,0
7.4,60,1013.3,1,27.2,0
6.4,48,1013.3,1,27.1,0
5.4,59,1013.4,2,26.9,0
8,56,1013.1,5,26.5,0
6.8,48,1013.3,2,27.5,0
6.6,52,1014.9,6,25.3,0
9.6,31,1015.7,7,23.1,0.2
10,25,1015.8,7,23.5,0
9.6,34,1014.9,7,24.4,0
7,42,1015.5,7,24,0
6.6,59,1013.9,6,25.8,0
5.4,66,1014.5,3,25.6,0
6.4,45,1016.1,1,24.2,0
9,48,1016.2,1,23.4,0
7.4,43,1016.2,2,23.3,0
10.6,46,1016.5,7,21.6,0
7.8,29,1017.1,7,20.9,0
7.6,31,1017.3,3,21.8,0
7.2,41,1017.6,1,20.9,0
8.4,43,1016.7,3,21.9,0
5.4,41,1016.6,1,21.8,0
5,43,1015.8,0,22.9,0
6,52,1014.7,0,21.8,0
4.8,51,1014.5,1,23.9,0
4.6,70,1014.6,1,24.2,0
5.2,43,1014.6,1,25.1,0
6,63,1013.9,0,24.5,0
7.6,56,1014.6,7,24.8,0
5.6,46,1015.3,0,24.8,0
6.2,62,1014.9,1,24.8,0
5.6,73,1013.9,6,25.4,0
